policy_id,age,gender,vehicle_age,annual_mileage,vehicle_type,policy_tenure,claim_count,claim_amount,premium
POL100001,21.0,Male,7.5,22354.0,SUV,4.8,0,0.0,13010.94
POL100002,55.0,Male,5.3,9235.0,SUV,2.1,0,0.0,13087.46
POL100003,50.0,Male,8.5,13217.0,SUV,1.6,0,0.0,11258.91
POL100004,23.0,Female,3.8,14869.0,Hatchback,1.9,0,0.0,9696.16
POL100005,66.0,Male,9.2,13675.0,Sedan,3.9,1,16645.64,13814.34
POL100006,32.0,Male,10.8,14948.0,Sedan,4.1,0,0.0,11312.56
POL100007,33.0,Male,3.9,12940.0,SUV,0.8,2,37891.26,11368.64
POL100008,30.0,Male,3.8,4697.0,Car,2.6,0,0.0,8772.92
POL100009,37.0,Male,0.6,11086.0,Hatchback,4.6,0,0.0,8944.84
POL100010,29.0,Female,7.0,4000.0,Car,0.7,0,0.0,9034.8
POL100011,38.0,Male,13.5,23677.0,Hatchback,2.1,1,25913.27,14166.52
POL100012,61.0,Female,4.9,12924.0,Sedan,2.6,0,0.0,10797.52
POL100013,43.0,Male,5.8,8466.0,Sedan,2.0,0,0.0,9342.9
POL100014,67.0,Female,0.0,4000.0,Hatchback,3.4,0,0.0,9488.43
POL100015,43.0,Male,3.5,19564.0,SUV,4.1,0,0.0,11801.24
POL100016,34.0,Male,9.2,16516.0,SUV,2.9,1,7468.15,12879.0
POL100017,60.0,Male,9.9,4924.0,Hatchback,1.6,0,0.0,9362.53
POL100018,61.0,Male,9.2,12572.0,SUV,4.3,0,0.0,16145.81
POL100019,64.0,Female,10.4,15144.0,Sedan,2.9,0,0.0,13106.03
POL100020,65.0,Male,5.2,14136.0,Car,1.4,0,0.0,11995.54
POL100021,22.0,Female,4.5,15786.0,Hatchback,3.1,0,0.0,11337.92
POL100022,46.0,Male,12.7,16724.0,Hatchback,0.7,1,24855.35,12900.74
POL100023,34.0,Female,3.3,14931.0,Sedan,3.2,0,0.0,9206.5
POL100024,33.0,Male,5.7,7867.0,,3.3,0,0.0,10216.4
POL100025,33.0,Male,5.7,20892.0,SUV,1.4,0,0.0,13054.83
POL100026,62.0,Female,4.7,14897.0,SUV,4.6,0,0.0,13534.9
POL100027,60.0,Female,5.2,13186.0,Car,1.9,1,22804.72,12822.46
POL100028,31.0,Male,5.3,15074.0,SUV,4.0,1,30769.31,11401.12
POL100029,41.0,Female,7.0,16656.0,SUV,4.3,0,0.0,11257.97
POL100030,58.0,Male,5.5,8488.0,SUV,2.0,0,0.0,11328.29
POL100031,28.0,Male,9.8,13287.0,Car,2.3,0,0.0,11456.89
POL100032,52.0,Female,5.1,14595.0,SUV,0.9,0,0.0,13927.71
POL100033,42.0,Female,5.5,16667.0,Sedan,1.1,0,0.0,10611.52
POL100034,67.0,Female,6.9,24028.0,SUV,2.8,0,0.0,13293.68
POL100035,57.0,Female,0.7,14306.0,Hatchback,1.3,0,0.0,8958.22
POL100036,32.0,Female,3.6,16543.0,SUV,4.4,0,0.0,11611.01
POL100037,62.0,Male,8.5,16829.0,Car,1.7,0,0.0,13402.16
POL100038,60.0,Male,7.3,12772.0,Sedan,4.9,0,0.0,10285.4
POL100039,31.0,Male,6.3,16597.0,SUV,0.6,0,0.0,11266.98
POL100040,46.0,Male,7.5,12020.0,Car,3.0,0,0.0,10176.22
POL100041,60.0,Male,2.1,24353.0,SUV,3.5,0,0.0,12299.22
POL100042,32.0,Female,6.7,22295.0,Car,1.7,0,0.0,13219.0
POL100043,33.0,Female,3.8,15521.0,Sedan,4.9,0,0.0,10566.17
POL100044,29.0,Male,7.4,14631.0,SUV,1.5,0,0.0,11335.96
POL100045,21.0,Female,11.8,13460.0,Hatchback,3.3,0,0.0,11955.08
POL100046,45.0,Male,1.7,17311.0,SUV,2.2,0,0.0,12660.3
POL100047,21.0,Female,11.5,5765.0,SUV,4.2,0,0.0,10970.98
POL100048,50.0,Male,3.9,13460.0,Sedan,2.6,0,0.0,10037.5
POL100049,41.0,Female,7.8,13196.0,Sedan,3.6,1,8586.0,11837.09
POL100050,30.0,Female,2.6,15162.0,Sedan,4.0,0,0.0,10175.17
POL100051,39.0,Male,4.9,15332.0,SUV,4.9,0,0.0,10799.27
POL100052,21.0,Male,2.0,11405.0,Sedan,1.3,0,0.0,8947.44
POL100053,28.0,Male,10.4,17769.0,SUV,2.6,0,0.0,14248.11
POL100054,44.0,Female,13.2,22909.0,SUV,4.9,2,5417.56,15004.24
POL100055,24.0,Female,4.1,16925.0,Sedan,4.9,1,13289.5,9524.17
POL100056,57.0,Male,4.8,16080.0,Hatchback,1.8,0,0.0,11829.13
POL100057,33.0,Female,10.3,16011.0,Car,1.6,1,67541.07,10017.77
POL100058,66.0,Male,3.2,16765.0,SUV,2.6,0,0.0,13186.41
POL100059,29.0,Male,1.5,9450.0,SUV,2.0,0,0.0,10602.48
POL100060,52.0,Male,8.5,11127.0,SUV,4.9,0,0.0,12628.87
POL100061,46.0,Male,6.1,15232.0,Hatchback,2.0,0,0.0,10915.08
POL100062,66.0,Male,10.6,18269.0,Car,4.8,0,0.0,15474.94
POL100063,51.0,Male,6.0,17170.0,SUV,2.6,0,0.0,13190.4
POL100064,64.0,Female,-0.0,15391.0,SUV,1.6,0,0.0,10321.09
POL100065,44.0,Female,12.9,4000.0,SUV,3.0,0,0.0,12558.69
POL100066,31.0,Female,4.8,17164.0,SUV,1.6,0,0.0,12465.53
POL100067,30.0,Male,8.2,16697.0,Hatchback,4.9,1,12490.4,12359.46
POL100068,64.0,Male,6.2,21284.0,SUV,4.5,0,0.0,14297.27
POL100069,31.0,Male,1.6,22598.0,Hatchback,1.4,0,0.0,10425.26
POL100070,57.0,Female,0.0,,Sedan,2.7,0,0.0,9518.77
POL100071,47.0,Female,10.3,14990.0,SUV,3.4,0,0.0,12782.48
POL100072,34.0,Female,8.1,10591.0,Hatchback,1.9,0,0.0,10778.75
POL100073,41.0,Female,12.5,10669.0,Car,1.2,4,2490.74,11625.44
POL100074,60.0,Female,6.6,18972.0,SUV,3.6,0,0.0,13996.4
POL100075,43.0,Female,6.7,15660.0,SUV,0.8,1,20283.4,12728.71
POL100076,64.0,Male,4.6,19498.0,Hatchback,1.0,0,0.0,12058.36
POL100077,68.0,Female,0.4,8756.0,Sedan,4.5,0,0.0,9489.11
POL100078,35.0,Male,8.6,14469.0,Car,3.0,3,28055.06,11680.81
POL100079,47.0,Male,5.2,12412.0,SUV,2.4,0,0.0,11888.72
POL100080,47.0,Male,6.1,8689.0,SUV,5.0,0,0.0,12524.31
POL100081,48.0,Male,6.5,5744.0,Sedan,3.8,0,0.0,9897.33
POL100082,24.0,Male,10.5,19992.0,SUV,4.0,0,0.0,14290.7
POL100083,39.0,Male,5.5,10385.0,Hatchback,1.1,1,4548.13,8619.27
POL100084,50.0,Male,3.7,10070.0,SUV,0.8,1,19275.61,10933.72
POL100085,66.0,Male,6.0,16996.0,Sedan,2.7,1,34678.66,13577.16
POL100086,32.0,Female,12.6,16212.0,SUV,3.1,0,0.0,15882.25
POL100087,53.0,Male,7.1,,Car,4.4,1,40552.5,11462.32
POL100088,59.0,Male,6.4,9821.0,Hatchback,2.4,0,0.0,10444.89
POL100089,67.0,Male,4.9,25403.0,SUV,1.7,0,0.0,13910.26
POL100090,29.0,Female,5.0,19944.0,SUV,1.3,0,0.0,11226.87
POL100091,54.0,Male,2.3,24249.0,Hatchback,0.5,1,23053.12,12049.57
POL100092,36.0,Female,4.1,7643.0,SUV,4.3,0,0.0,11438.66
POL100093,43.0,Female,6.6,13779.0,Hatchback,1.5,0,0.0,11238.23
POL100094,21.0,Female,1.7,10042.0,Hatchback,2.5,0,0.0,7242.14
POL100095,57.0,Male,5.3,9209.0,Car,1.7,0,0.0,10423.13
POL100096,22.0,Male,1.8,17400.0,Sedan,2.7,0,0.0,9747.49
POL100097,39.0,Female,3.0,17889.0,SUV,1.5,1,20000.59,11889.11
POL100098,45.0,Male,4.4,17093.0,Car,0.8,0,0.0,11341.2
POL100099,54.0,Female,6.0,25758.0,Car,2.9,0,0.0,13745.04
POL100100,44.0,Male,5.6,21831.0,Sedan,4.5,0,0.0,11444.19
POL100101,62.0,Male,10.8,10122.0,Hatchback,2.6,1,63447.65,10615.94
POL100102,27.0,Male,10.4,17116.0,Hatchback,3.6,0,0.0,11352.06
POL100103,34.0,Female,5.2,17135.0,Sedan,4.1,1,16837.23,9053.33
POL100104,33.0,Female,5.3,19036.0,Sedan,4.2,0,0.0,11459.95
POL100105,39.0,Male,3.3,19265.0,Hatchback,2.4,0,0.0,9312.0
POL100106,21.0,Female,11.7,23505.0,Hatchback,4.4,1,,13808.64
POL100107,42.0,Female,10.1,20509.0,Sedan,2.3,0,0.0,15240.39
POL100108,40.0,Male,2.5,22356.0,SUV,1.3,0,0.0,12761.2
POL100109,50.0,Female,5.7,16846.0,Sedan,2.8,0,0.0,10771.31
POL100110,49.0,Male,10.7,6829.0,Hatchback,3.5,0,0.0,10932.8
POL100111,35.0,Male,4.7,19844.0,Hatchback,2.2,0,0.0,11824.46
POL100112,42.0,Male,4.4,10823.0,Sedan,1.8,0,0.0,9655.44
POL100113,46.0,Female,9.5,11810.0,Car,1.4,1,58298.36,10731.72
POL100114,62.0,Female,4.0,12666.0,SUV,1.4,1,4942.41,13210.68
POL100115,24.0,Female,13.6,13401.0,Hatchback,4.3,0,0.0,14294.9
POL100116,51.0,Female,7.3,16600.0,Car,1.2,0,0.0,11851.61
POL100117,25.0,Female,4.5,20501.0,Car,3.7,4,59938.32,10898.56
POL100118,34.0,Female,0.0,19845.0,Hatchback,4.3,0,0.0,9419.45
POL100119,43.0,Male,8.9,18898.0,Car,1.2,0,0.0,12013.65
POL100120,61.0,Male,1.3,14732.0,SUV,2.0,1,22010.98,11663.57
POL100121,37.0,Male,7.3,22162.0,Car,4.3,0,0.0,12430.53
POL100122,45.0,Female,7.2,14307.0,Car,4.8,0,0.0,11337.88
POL100123,49.0,Male,7.9,17626.0,SUV,3.3,0,0.0,13437.98
POL100124,58.0,Male,0.7,7670.0,Sedan,4.5,1,9521.62,11722.35
POL100125,40.0,Female,3.6,7307.0,Hatchback,2.9,1,3916.14,8481.54
POL100126,49.0,Male,7.9,14022.0,Car,4.2,0,0.0,11653.38
POL100127,62.0,Male,8.1,18171.0,Car,3.5,0,0.0,13316.2
POL100128,42.0,Female,11.3,18324.0,Car,4.5,0,0.0,12436.07
POL100129,67.0,Male,3.5,4000.0,Car,3.1,1,42812.51,9595.78
POL100130,40.0,Male,1.2,19497.0,SUV,3.2,0,0.0,12500.87
POL100131,42.0,Female,0.4,10584.0,SUV,2.6,0,,9459.04
POL100132,22.0,Male,6.4,22232.0,Car,0.7,3,22822.64,12198.2
POL100133,47.0,Male,9.8,21005.0,Sedan,2.3,0,0.0,13843.69
POL100134,44.0,Male,4.3,10382.0,SUV,0.8,0,0.0,10819.53
POL100135,41.0,Male,3.9,18242.0,SUV,3.5,0,0.0,11856.36
POL100136,52.0,Female,8.9,16833.0,Car,2.1,1,14689.73,12673.07
POL100137,48.0,Male,6.2,5595.0,Sedan,3.8,0,0.0,9209.08
POL100138,68.0,Female,5.1,13453.0,Sedan,0.8,0,0.0,12247.3
POL100139,41.0,Male,4.3,9183.0,Car,1.1,0,0.0,10038.67
POL100140,42.0,Male,6.4,14659.0,SUV,1.4,0,0.0,12219.04
POL100141,61.0,Male,5.0,,SUV,2.4,2,21528.66,12707.23
POL100142,45.0,Male,7.8,14667.0,Car,1.7,0,0.0,10429.15
POL100143,33.0,Female,3.3,20395.0,Car,3.2,0,0.0,11219.48
POL100144,46.0,Female,6.9,18881.0,Car,0.7,1,8714.51,11834.74
POL100145,46.0,Male,3.2,17922.0,Car,3.0,0,0.0,10128.98
POL100146,41.0,Male,1.6,11674.0,Hatchback,3.3,0,0.0,8852.64
POL100147,47.0,Male,8.7,12149.0,Hatchback,4.7,0,0.0,11950.95
POL100148,49.0,Female,5.6,14512.0,Sedan,4.8,1,4426.17,11570.78
POL100149,69.0,Female,3.7,4236.0,Hatchback,1.2,0,0.0,9090.37
POL100150,24.0,Male,2.0,21910.0,Car,4.5,0,0.0,9679.14
POL100151,66.0,Male,4.6,5542.0,Sedan,4.6,0,0.0,9733.31
POL100152,45.0,Male,10.2,20744.0,SUV,1.1,0,0.0,15303.34
POL100153,39.0,Male,6.8,9588.0,Hatchback,1.4,0,0.0,9681.23
POL100154,51.0,Male,9.7,7632.0,Car,3.6,0,0.0,11278.08
POL100155,26.0,Female,8.2,17237.0,SUV,3.4,0,0.0,13057.75
POL100156,58.0,Female,10.3,19400.0,Sedan,3.3,0,0.0,14240.5
POL100157,25.0,Female,6.6,14671.0,Hatchback,2.1,3,24757.78,9796.82
POL100158,42.0,Male,8.8,14816.0,Hatchback,2.1,0,0.0,12253.23
POL100159,31.0,Male,0.0,8904.0,SUV,1.1,0,0.0,9179.08
POL100160,36.0,Male,7.1,15518.0,Hatchback,1.9,1,25640.68,10943.08
POL100161,44.0,Female,0.0,10954.0,Sedan,1.0,0,0.0,8337.9
POL100162,21.0,Female,9.2,14249.0,Sedan,3.4,0,0.0,11001.71
POL100163,65.0,Female,15.4,14817.0,Car,2.4,1,14062.69,14733.12
POL100164,58.0,Male,5.1,,Car,0.6,0,0.0,11436.91
POL100165,68.0,Male,11.1,20425.0,Car,2.0,2,57970.13,13789.13
POL100166,24.0,Male,9.1,18586.0,Hatchback,4.5,3,13786.27,11023.52
POL100167,29.0,Male,5.2,15200.0,SUV,3.4,0,0.0,12155.84
POL100168,45.0,Female,4.4,6281.0,Hatchback,1.5,0,0.0,9118.27
POL100169,63.0,Female,7.9,21833.0,SUV,4.6,0,0.0,17775.47
POL100170,36.0,Female,6.6,11693.0,Sedan,3.1,1,29486.59,10323.67
POL100171,35.0,Male,6.6,10791.0,Sedan,1.9,1,6608.04,8691.72
POL100172,63.0,Male,5.6,12539.0,SUV,0.8,0,0.0,12461.25
POL100173,21.0,Female,4.8,10823.0,Car,4.1,0,0.0,9506.04
POL100174,68.0,Male,2.8,15498.0,Hatchback,0.6,0,0.0,11173.3
POL100175,30.0,Male,0.6,12212.0,Sedan,3.7,0,0.0,9847.72
POL100176,36.0,Female,5.7,20820.0,SUV,4.1,0,0.0,12199.42
POL100177,37.0,Male,7.1,7990.0,Sedan,3.5,0,0.0,11240.36
POL100178,65.0,Female,1.0,11771.0,Hatchback,3.3,0,0.0,9879.21
POL100179,,Male,3.4,4000.0,Sedan,3.9,0,0.0,9028.29
POL100180,37.0,Male,0.4,15598.0,Car,4.3,1,16058.91,10338.64
POL100181,38.0,Male,8.7,23159.0,Car,3.7,0,0.0,13703.1
POL100182,61.0,Male,9.7,11888.0,Car,1.1,0,0.0,11672.31
POL100183,35.0,Male,4.1,12315.0,Car,5.0,2,11933.89,10636.54
POL100184,60.0,Male,5.6,12302.0,SUV,2.2,0,,10175.48
POL100185,61.0,Male,7.1,19557.0,Sedan,0.6,0,0.0,12579.28
POL100186,53.0,Male,5.1,19989.0,Car,3.6,1,24358.33,12068.02
POL100187,58.0,Male,7.9,6537.0,Sedan,3.2,0,0.0,10865.51
POL100188,32.0,Female,12.3,16658.0,Sedan,2.1,1,15358.62,13921.1
POL100189,49.0,Male,9.5,23318.0,Sedan,0.9,1,22177.77,14778.07
POL100190,27.0,Male,8.8,10985.0,SUV,2.9,0,0.0,11410.01
POL100191,23.0,Male,12.4,12165.0,Car,1.5,0,0.0,11876.28
POL100192,42.0,Female,1.6,9402.0,SUV,3.5,2,49581.39,10186.12
POL100193,35.0,Male,7.2,11751.0,Sedan,4.7,1,12860.54,11194.32
POL100194,28.0,Male,0.2,6896.0,Car,4.8,0,0.0,7524.26
POL100195,47.0,Male,12.1,16671.0,Hatchback,0.9,1,23134.83,12628.93
POL100196,64.0,Female,8.6,11306.0,Sedan,4.9,1,28704.94,13350.98
POL100197,33.0,Male,5.7,15690.0,SUV,4.0,0,0.0,11811.43
POL100198,29.0,Female,4.4,12339.0,Car,1.3,0,0.0,10297.83
POL100199,64.0,Male,4.0,11830.0,Sedan,1.5,0,0.0,11647.5
POL100200,22.0,Female,5.0,24379.0,Hatchback,1.6,0,0.0,10907.18
POL100201,50.0,Male,0.5,11019.0,Car,4.3,0,0.0,9967.02
POL100202,48.0,Male,4.2,12728.0,Car,2.3,0,0.0,9910.55
POL100203,44.0,Male,4.2,12667.0,SUV,2.1,0,0.0,10727.45
POL100204,42.0,Male,3.0,17394.0,Sedan,2.4,0,0.0,10969.23
POL100205,22.0,Female,4.1,10453.0,Car,1.7,0,0.0,8202.14
POL100206,63.0,Male,5.1,19983.0,Sedan,0.6,0,0.0,10933.83
POL100207,24.0,Male,6.8,19323.0,Hatchback,2.7,1,21116.3,11157.32
POL100208,29.0,Male,8.8,16629.0,Car,5.0,3,17719.68,12024.44
POL100209,65.0,Male,4.6,10654.0,Hatchback,5.0,0,0.0,10066.66
POL100210,39.0,Female,0.0,11413.0,Sedan,4.0,0,0.0,9504.57
POL100211,43.0,Female,5.2,4000.0,Hatchback,3.4,0,0.0,8211.58
POL100212,53.0,Female,3.2,8949.0,Sedan,3.5,0,0.0,8754.09
POL100213,49.0,Female,6.0,21858.0,Hatchback,4.5,0,0.0,11371.96
POL100214,67.0,Male,0.8,16382.0,SUV,4.0,0,0.0,11169.8
POL100215,67.0,Male,3.1,23690.0,SUV,1.3,0,0.0,14434.57
POL100216,34.0,Male,3.0,16484.0,Hatchback,4.4,0,0.0,10361.1
POL100217,59.0,Male,7.1,13397.0,Car,4.6,0,0.0,11399.12
POL100218,55.0,Male,3.1,14440.0,Car,2.2,0,0.0,9799.23
POL100219,33.0,Female,3.1,15200.0,Sedan,1.3,0,0.0,9631.69
POL100220,28.0,Male,4.8,6079.0,Sedan,3.4,0,0.0,9294.4
POL100221,61.0,Male,6.9,15960.0,Car,2.6,0,0.0,12628.68
POL100222,58.0,Male,3.2,19520.0,Car,0.9,0,0.0,11101.5
POL100223,39.0,Female,0.5,18348.0,Car,4.0,0,0.0,9664.9
POL100224,35.0,Male,2.5,10133.0,Car,1.8,1,15169.31,10097.51
POL100225,55.0,Male,5.7,15494.0,SUV,4.7,0,0.0,11897.32
POL100226,33.0,Male,6.8,14498.0,Car,2.6,0,0.0,10612.16
POL100227,44.0,Male,10.9,19316.0,Sedan,0.9,0,0.0,14106.93
POL100228,32.0,Female,1.5,13266.0,Car,1.4,0,0.0,9248.62
POL100229,51.0,Male,3.1,17815.0,SUV,5.0,2,19902.02,13456.27
POL100230,39.0,Male,8.7,5023.0,Hatchback,1.8,0,0.0,10418.09
POL100231,54.0,Female,3.0,12161.0,SUV,1.3,0,0.0,11398.06
POL100232,37.0,Male,7.1,20200.0,Car,3.9,1,9888.04,14318.04
POL100233,52.0,Male,8.3,10487.0,SUV,4.4,1,16382.72,12048.21
POL100234,51.0,Male,5.2,21259.0,Hatchback,1.0,1,6777.25,12090.02
POL100235,43.0,Female,8.2,12333.0,Hatchback,3.0,1,17548.54,11716.85
POL100236,48.0,Male,11.6,4000.0,Hatchback,2.7,0,0.0,9814.98
POL100237,29.0,Female,8.3,18448.0,Sedan,1.6,1,36656.3,12740.56
POL100238,58.0,Male,8.2,9592.0,SUV,2.6,0,0.0,12724.88
POL100239,56.0,Male,10.7,16884.0,Hatchback,1.7,0,0.0,11732.35
POL100240,35.0,Male,10.4,21136.0,Hatchback,4.7,2,34030.44,11731.22
POL100241,42.0,Female,11.3,16368.0,Sedan,4.0,0,0.0,12306.42
POL100242,69.0,Male,4.2,14644.0,Car,3.3,0,0.0,11284.9
POL100243,27.0,Female,5.1,17006.0,SUV,2.0,1,7442.87,11029.64
POL100244,48.0,Female,3.7,11248.0,Hatchback,1.0,1,7837.88,10157.36
POL100245,47.0,Female,4.8,23911.0,SUV,3.4,1,27023.23,13707.27
POL100246,54.0,Male,1.4,26933.0,Car,0.8,0,0.0,10992.54
POL100247,43.0,Female,2.1,21248.0,Sedan,1.7,0,0.0,9202.72
POL100248,55.0,Female,5.2,9284.0,Sedan,3.7,0,0.0,10463.06
POL100249,26.0,Female,0.1,16498.0,Car,4.4,1,24950.13,10169.01
POL100250,28.0,Female,3.7,8390.0,SUV,4.7,2,25299.54,10425.21
POL100251,47.0,Male,1.8,9558.0,Hatchback,3.0,1,10596.02,8860.76
POL100252,28.0,Male,9.0,13596.0,Car,4.4,0,0.0,11918.34
POL100253,22.0,Female,9.6,16060.0,Car,3.8,0,0.0,12149.52
POL100254,44.0,Male,7.6,14185.0,SUV,3.0,0,0.0,14400.86
POL100255,56.0,Female,8.4,17362.0,Car,1.7,0,0.0,13147.0
POL100256,47.0,Male,10.7,18697.0,SUV,1.8,0,0.0,12916.11
POL100257,64.0,Male,8.7,17588.0,Car,2.7,0,0.0,13337.57
POL100258,34.0,Female,7.6,16308.0,Sedan,0.9,1,31292.81,12824.17
POL100259,43.0,Male,0.6,14759.0,Hatchback,1.0,0,0.0,10526.66
POL100260,30.0,Male,-0.0,24735.0,Hatchback,3.1,0,0.0,10182.37
POL100261,33.0,Male,5.9,17026.0,Hatchback,4.7,0,0.0,10702.15
POL100262,46.0,Male,9.3,19686.0,Hatchback,4.3,1,45501.69,12763.33
POL100263,51.0,Male,6.5,10953.0,Sedan,4.7,0,0.0,10095.95
POL100264,53.0,Female,6.7,9593.0,Hatchback,3.1,1,660.19,9391.82
POL100265,34.0,Male,1.7,17707.0,Car,1.1,0,0.0,9398.5
POL100266,32.0,Female,3.6,16654.0,Sedan,4.4,0,0.0,10677.24
POL100267,41.0,Female,10.9,21113.0,SUV,1.0,1,4836.02,14574.23
POL100268,31.0,Male,4.7,12712.0,Sedan,3.9,1,6644.15,8801.09
POL100269,32.0,Female,4.9,11466.0,Sedan,4.7,0,0.0,8911.89
POL100270,68.0,Female,2.9,19101.0,Car,0.9,1,28319.93,11729.41
POL100271,37.0,Male,11.7,21606.0,Hatchback,1.1,1,31961.38,13334.0
POL100272,57.0,Female,2.7,7076.0,Car,3.2,0,0.0,10574.91
POL100273,36.0,Male,8.6,23004.0,Car,2.3,2,9919.16,15104.14
POL100274,22.0,Male,0.9,5472.0,SUV,1.3,0,0.0,8051.49
POL100275,23.0,Male,0.0,21791.0,Hatchback,1.0,0,0.0,9498.0
POL100276,70.0,Male,6.5,6600.0,Hatchback,4.8,0,0.0,12028.16
POL100277,39.0,Male,4.3,13030.0,Hatchback,4.3,0,0.0,11187.43
POL100278,21.0,Male,9.8,13394.0,Car,1.9,0,0.0,11012.35
POL100279,39.0,Female,8.2,15824.0,SUV,2.6,0,0.0,11695.63
POL100280,34.0,Male,10.2,9174.0,Hatchback,2.4,0,0.0,11111.94
POL100281,54.0,Male,5.7,4497.0,Car,4.8,0,0.0,9466.01
POL100282,66.0,Male,5.5,10330.0,Sedan,1.7,0,0.0,10705.87
POL100283,65.0,Male,5.4,19615.0,Car,2.6,0,0.0,13478.42
POL100284,25.0,Female,13.9,15077.0,Hatchback,4.8,3,22778.17,13615.22
POL100285,21.0,Female,4.4,15558.0,Sedan,3.2,0,0.0,9873.72
POL100286,63.0,Male,10.3,12980.0,SUV,0.5,0,0.0,13327.2
POL100287,30.0,Male,0.0,15271.0,SUV,4.3,0,0.0,9336.75
POL100288,28.0,Female,0.0,18819.0,Hatchback,3.9,0,0.0,8968.01
POL100289,68.0,Female,5.8,23836.0,Hatchback,4.4,0,0.0,14671.93
POL100290,29.0,Male,2.9,13603.0,SUV,1.1,0,0.0,9884.69
POL100291,63.0,Female,0.0,13527.0,SUV,4.8,0,0.0,10710.99
POL100292,60.0,Male,12.5,12860.0,Car,3.6,1,35480.28,13263.17
POL100293,31.0,Female,10.2,20817.0,Hatchback,2.3,0,0.0,13161.71
POL100294,65.0,Male,9.9,19067.0,Hatchback,4.6,0,0.0,12243.95
POL100295,52.0,Male,6.7,10041.0,Sedan,1.6,0,0.0,11200.71
POL100296,44.0,Male,9.0,19004.0,Sedan,3.1,0,0.0,12848.14
POL100297,45.0,Male,3.3,13628.0,Car,3.6,1,41096.05,10769.5
POL100298,22.0,Male,7.1,11957.0,Hatchback,2.4,0,0.0,9791.86
POL100299,64.0,Female,7.2,14729.0,Car,2.0,1,27304.47,12323.07
POL100300,36.0,Female,11.0,16545.0,Sedan,4.9,3,25455.84,14928.82
POL100301,34.0,Male,8.5,11850.0,SUV,1.1,0,0.0,11258.59
POL100302,21.0,Male,3.4,10761.0,Car,3.9,0,0.0,9232.0
POL100303,34.0,Female,3.2,24721.0,SUV,0.6,0,0.0,11226.18
POL100304,38.0,Male,11.9,15880.0,Hatchback,2.3,0,0.0,12161.45
POL100305,23.0,Male,3.1,17245.0,SUV,3.3,0,0.0,10154.88
POL100306,53.0,Female,2.8,17347.0,Car,2.1,0,0.0,11241.07
POL100307,28.0,Male,7.0,15083.0,Sedan,2.4,1,40101.13,10790.41
POL100308,34.0,Male,0.4,11193.0,Sedan,4.4,1,7662.09,8120.05
POL100309,44.0,Male,0.9,20861.0,Car,3.5,0,0.0,11213.94
POL100310,53.0,Female,8.6,21545.0,Sedan,0.9,0,0.0,14940.06
POL100311,30.0,Male,8.0,19588.0,SUV,1.3,1,10322.54,12896.76
POL100312,67.0,Male,7.6,10783.0,Hatchback,2.4,0,0.0,10962.56
POL100313,46.0,Male,14.3,18114.0,Sedan,1.3,0,0.0,13446.12
POL100314,44.0,Male,8.8,18084.0,Sedan,4.9,0,0.0,12667.49
POL100315,58.0,Female,10.0,16978.0,Car,1.7,0,0.0,14433.67
POL100316,31.0,Male,2.1,9049.0,Sedan,2.7,0,0.0,9681.98
POL100317,35.0,Female,5.0,20017.0,Hatchback,4.1,0,0.0,11331.89
POL100318,67.0,Male,2.6,21164.0,Car,3.7,0,0.0,11670.12
POL100319,56.0,Female,7.0,14006.0,Car,3.1,1,6049.9,12017.72
POL100320,68.0,Female,7.5,17396.0,Sedan,2.7,0,0.0,13518.05
POL100321,52.0,Male,4.5,14266.0,Sedan,1.3,0,0.0,11415.0
POL100322,27.0,Female,5.9,18624.0,SUV,1.4,0,0.0,13049.75
POL100323,58.0,Male,8.4,11364.0,Car,3.4,0,0.0,11124.27
POL100324,65.0,Male,7.2,16823.0,Hatchback,3.7,0,0.0,12512.16
POL100325,27.0,Male,8.4,22536.0,Hatchback,2.0,0,0.0,13727.0
POL100326,35.0,Male,5.6,13796.0,Hatchback,1.3,0,0.0,8534.96
POL100327,60.0,Male,3.5,17627.0,SUV,0.6,1,10762.11,12459.62
POL100328,27.0,Male,2.5,13749.0,Hatchback,4.3,3,12849.85,9043.49
POL100329,69.0,Female,2.9,14423.0,Hatchback,1.4,0,0.0,12135.07
POL100330,26.0,Male,8.1,12849.0,SUV,0.7,0,0.0,11181.76
POL100331,22.0,Male,7.7,9247.0,Hatchback,2.9,0,0.0,11386.46
POL100332,58.0,Female,5.0,4298.0,Hatchback,0.9,0,0.0,9986.97
POL100333,21.0,Male,6.4,21087.0,Sedan,2.7,2,48908.87,10904.22
POL100334,25.0,Female,0.6,20039.0,Car,3.3,1,1933.0,8344.27
POL100335,54.0,Female,6.4,16222.0,Sedan,1.7,0,0.0,12054.81
POL100336,59.0,Female,7.1,17807.0,Car,3.6,0,0.0,12547.27
POL100337,65.0,Male,2.6,16085.0,Car,3.5,0,0.0,10614.03
POL100338,32.0,Male,7.6,14959.0,SUV,1.8,0,0.0,11121.19
POL100339,61.0,Male,2.4,14217.0,Hatchback,3.5,1,18714.74,8489.75
POL100340,41.0,Female,8.0,19825.0,SUV,1.1,0,0.0,14096.82
POL100341,59.0,Male,6.3,12999.0,Car,2.1,0,0.0,11522.81
POL100342,28.0,Female,9.1,8337.0,SUV,3.1,1,17528.06,10469.48
POL100343,57.0,Female,9.0,14779.0,Hatchback,3.9,0,0.0,10989.71
POL100344,53.0,Female,11.2,26325.0,Car,1.8,0,0.0,16251.63
POL100345,41.0,Female,4.6,19534.0,Hatchback,2.4,1,46274.7,11141.65
POL100346,43.0,Female,9.0,16441.0,Sedan,4.3,0,0.0,13994.59
POL100347,29.0,Male,5.0,14222.0,Sedan,1.4,2,30407.85,10666.34
POL100348,40.0,Male,6.2,15082.0,Hatchback,3.3,0,0.0,11789.05
POL100349,51.0,Female,5.7,18621.0,SUV,1.0,0,0.0,13483.02
POL100350,61.0,Male,3.0,12651.0,Car,2.6,0,0.0,10542.98
POL100351,50.0,Male,6.7,15915.0,Car,2.1,0,0.0,12455.22
POL100352,43.0,Male,10.3,11081.0,SUV,5.0,1,11276.08,14057.46
POL100353,56.0,Male,5.1,14708.0,Hatchback,2.9,0,0.0,10593.85
POL100354,55.0,Male,9.9,14322.0,SUV,4.0,0,0.0,13945.48
POL100355,68.0,Male,0.0,12968.0,SUV,1.0,0,0.0,11092.66
POL100356,60.0,Female,11.7,11618.0,SUV,3.0,0,0.0,14172.42
POL100357,24.0,Female,2.0,23382.0,Sedan,0.9,0,0.0,11911.31
POL100358,51.0,Male,7.6,15036.0,Hatchback,4.2,1,21213.57,11396.1
POL100359,56.0,Female,11.1,4000.0,Hatchback,1.1,0,0.0,11856.12
POL100360,69.0,Male,0.9,16758.0,Car,2.6,0,0.0,13071.94
POL100361,59.0,Female,7.4,12562.0,Sedan,3.9,0,0.0,10703.39
POL100362,48.0,Male,10.8,15435.0,Car,2.6,0,0.0,14548.74
POL100363,23.0,Male,6.4,21539.0,Car,1.9,2,6178.51,9576.33
POL100364,31.0,Male,5.7,12130.0,Sedan,3.8,2,8838.03,10120.42
POL100365,59.0,Female,6.1,17858.0,Sedan,2.6,1,31316.56,12186.39
POL100366,48.0,Male,6.9,18245.0,Hatchback,2.8,0,0.0,10647.52
POL100367,55.0,Male,8.0,10176.0,Sedan,4.2,0,0.0,13171.05
POL100368,33.0,Female,8.0,20187.0,Car,1.1,1,34683.76,12328.85
POL100369,60.0,Male,3.9,14730.0,Sedan,1.0,0,0.0,13533.27
POL100370,25.0,Female,4.6,21424.0,SUV,5.0,0,0.0,10098.36
POL100371,69.0,Female,9.2,14656.0,Sedan,4.9,0,0.0,13003.35
POL100372,58.0,Male,11.1,18603.0,Sedan,4.4,0,0.0,14521.43
POL100373,55.0,Male,5.8,13445.0,Car,3.2,2,8856.54,12581.75
POL100374,34.0,Male,5.0,26406.0,Hatchback,0.8,0,0.0,11838.48
POL100375,60.0,Male,7.7,16614.0,Sedan,1.3,0,0.0,12814.11
POL100376,36.0,Male,9.6,19456.0,Hatchback,2.6,0,0.0,12919.34
POL100377,63.0,Female,6.7,8819.0,Sedan,3.2,0,0.0,10654.7
POL100378,70.0,Female,6.6,17973.0,Hatchback,2.1,0,0.0,14147.63
POL100379,63.0,Male,9.3,23588.0,Hatchback,4.7,0,0.0,15269.84
POL100380,41.0,Male,7.8,20326.0,SUV,4.0,0,0.0,13112.01
POL100381,66.0,Male,9.9,7085.0,Sedan,1.3,0,0.0,12402.01
POL100382,43.0,Male,6.4,14912.0,Hatchback,3.4,0,0.0,11491.81
POL100383,62.0,Female,5.4,19191.0,Hatchback,1.5,0,0.0,13035.45
POL100384,67.0,Male,5.1,15096.0,Hatchback,2.0,0,0.0,12179.65
POL100385,40.0,Male,1.9,9055.0,Car,1.2,0,0.0,8856.31
POL100386,60.0,Female,8.0,21110.0,Sedan,1.6,0,0.0,13167.93
POL100387,70.0,Male,4.3,15081.0,SUV,2.4,0,0.0,13412.74
POL100388,63.0,Female,11.4,13528.0,Car,3.4,1,25006.09,13757.21
POL100389,31.0,Female,2.9,6313.0,Hatchback,4.4,1,50111.14,8104.76
POL100390,44.0,Female,6.1,9255.0,Car,1.2,1,13972.09,11207.4
POL100391,43.0,Male,3.2,9625.0,Hatchback,3.0,0,0.0,9177.58
POL100392,31.0,Male,5.9,10056.0,SUV,4.3,0,0.0,10953.65
POL100393,31.0,Male,2.5,15204.0,Hatchback,4.4,1,32976.33,8716.61
POL100394,24.0,Male,2.4,15167.0,Hatchback,3.5,2,14122.02,8680.73
POL100395,55.0,Male,5.6,4489.0,Hatchback,4.6,0,0.0,10061.32
POL100396,24.0,Female,8.1,4000.0,Hatchback,1.7,1,25462.5,9008.67
POL100397,27.0,Male,11.6,13634.0,Car,4.0,2,18449.49,10600.54
POL100398,27.0,Female,11.2,19257.0,Sedan,2.4,1,1879.73,11606.21
POL100399,46.0,Female,1.7,5453.0,SUV,4.8,0,0.0,9310.83
POL100400,34.0,Male,4.9,16267.0,Sedan,2.4,0,0.0,12688.37
POL100401,43.0,Female,13.1,15675.0,SUV,4.7,3,4321.43,14087.88
POL100402,59.0,Male,4.2,8224.0,Sedan,1.7,1,5122.61,9493.0
POL100403,39.0,Male,5.1,19837.0,Sedan,4.0,1,14407.99,12596.08
POL100404,32.0,Female,4.2,23166.0,Sedan,4.2,0,0.0,10103.61
POL100405,24.0,Female,8.0,20329.0,Sedan,4.0,0,0.0,12462.94
POL100406,42.0,Female,9.4,4801.0,Hatchback,3.9,0,0.0,10230.77
POL100407,61.0,Male,6.6,12829.0,Car,1.2,0,0.0,11336.4
POL100408,43.0,Male,3.7,15983.0,SUV,4.1,0,0.0,11652.45
POL100409,34.0,Male,9.1,9844.0,Sedan,0.9,0,0.0,10950.52
POL100410,36.0,Male,6.7,9824.0,Hatchback,2.0,0,0.0,9403.65
POL100411,21.0,Male,1.5,10868.0,SUV,1.5,1,19053.48,10848.71
POL100412,29.0,Male,2.9,17859.0,Sedan,3.4,1,11995.09,10360.45
POL100413,26.0,Male,10.5,12705.0,Sedan,3.5,0,0.0,10868.05
POL100414,34.0,Female,11.0,10300.0,Hatchback,4.9,1,3081.21,11620.11
POL100415,68.0,Male,6.0,17946.0,SUV,3.0,0,0.0,12602.25
POL100416,63.0,Male,8.8,13440.0,Hatchback,2.1,3,72713.3,12444.61
POL100417,58.0,Female,9.4,18412.0,SUV,1.7,0,0.0,14611.0
POL100418,70.0,Male,4.9,6992.0,Sedan,3.6,0,0.0,11158.19
POL100419,36.0,Female,5.1,27155.0,SUV,3.2,0,0.0,13669.03
POL100420,39.0,Male,7.7,19898.0,Sedan,3.1,1,40020.5,13111.59
POL100421,22.0,Male,8.6,17481.0,Car,0.8,0,0.0,12529.94
POL100422,44.0,Female,2.7,11386.0,Sedan,4.6,0,0.0,9229.01
POL100423,46.0,Female,5.1,18162.0,Sedan,0.7,0,0.0,10934.13
POL100424,37.0,Male,8.6,17650.0,Sedan,2.0,0,0.0,11677.98
POL100425,54.0,Female,11.4,15979.0,SUV,3.1,1,13183.35,16054.48
POL100426,39.0,Male,5.1,7860.0,Hatchback,3.2,0,0.0,10338.44
POL100427,43.0,Female,3.5,17036.0,Car,3.4,1,26651.08,10059.42
POL100428,55.0,Male,4.3,17084.0,Hatchback,0.6,0,0.0,11528.51
POL100429,55.0,Male,4.6,16265.0,Hatchback,0.9,0,0.0,11806.43
POL100430,57.0,Male,5.6,20218.0,Hatchback,1.3,0,0.0,10831.31
POL100431,55.0,Male,1.4,24716.0,SUV,3.6,0,0.0,12813.3
POL100432,36.0,Male,8.8,22237.0,Hatchback,2.0,0,0.0,12996.23
POL100433,32.0,Female,0.0,14653.0,Sedan,3.7,1,20625.61,8192.51
POL100434,28.0,Male,0.2,13713.0,Car,4.3,0,0.0,9384.3
POL100435,37.0,Male,3.9,17472.0,,4.4,0,0.0,11400.83
POL100436,56.0,Female,8.1,4000.0,Hatchback,2.9,0,0.0,10850.41
POL100437,63.0,Male,3.3,20059.0,SUV,0.7,0,0.0,13616.59
POL100438,42.0,Male,7.3,9079.0,Hatchback,4.9,0,0.0,11689.2
POL100439,24.0,Female,6.2,17627.0,SUV,2.0,0,0.0,12896.81
POL100440,66.0,Male,0.0,14986.0,SUV,2.1,1,20697.02,12304.84
POL100441,62.0,Female,10.3,14030.0,SUV,4.5,2,58878.62,15599.77
POL100442,41.0,Female,5.5,12392.0,SUV,0.7,0,0.0,10917.82
POL100443,51.0,Male,6.2,16669.0,Hatchback,2.5,0,0.0,10342.39
POL100444,22.0,Male,1.0,4852.0,SUV,0.7,1,11431.03,8176.92
POL100445,41.0,Female,5.6,9962.0,Hatchback,0.7,0,0.0,11268.9
POL100446,57.0,Male,9.1,16072.0,Sedan,2.7,0,0.0,14319.74
POL100447,58.0,Male,5.2,13394.0,Hatchback,2.3,0,0.0,9908.98
POL100448,70.0,Male,2.9,12062.0,SUV,1.7,0,0.0,12234.99
POL100449,46.0,Male,5.8,11693.0,Hatchback,3.1,1,9308.73,9958.39
POL100450,44.0,Male,5.9,15206.0,SUV,3.9,1,36704.2,12386.63
POL100451,47.0,Female,9.1,17869.0,Hatchback,1.3,0,0.0,14200.93
POL100452,68.0,Female,9.9,8103.0,SUV,4.6,1,25833.81,13505.27
POL100453,27.0,Male,10.1,13572.0,Car,4.5,1,16532.43,12170.19
POL100454,29.0,Male,6.2,16356.0,SUV,4.4,0,0.0,11327.26
POL100455,61.0,Male,12.2,10480.0,Car,2.8,1,17737.25,14684.81
POL100456,31.0,Female,0.0,17242.0,Hatchback,3.7,0,0.0,8411.97
POL100457,52.0,Male,8.3,8808.0,SUV,3.2,0,0.0,11883.15
POL100458,38.0,Male,4.9,19374.0,Hatchback,3.5,0,0.0,10964.02
POL100459,58.0,Male,0.0,12503.0,SUV,2.4,0,0.0,11175.37
POL100460,41.0,Male,2.7,11345.0,SUV,1.6,0,0.0,10649.55
POL100461,29.0,Male,6.8,,Sedan,1.8,0,0.0,11354.09
POL100462,65.0,Female,6.9,11718.0,SUV,2.7,1,29094.79,13415.99
POL100463,21.0,Male,4.6,16126.0,SUV,2.3,0,0.0,10928.71
POL100464,69.0,Male,6.9,10643.0,SUV,1.5,0,0.0,13278.71
POL100465,23.0,Female,4.1,17461.0,SUV,2.8,3,11229.78,9548.11
POL100466,46.0,Male,8.4,14778.0,Sedan,3.6,0,0.0,10593.66
POL100467,66.0,Female,7.1,11502.0,Car,2.5,1,13401.74,12680.06
POL100468,55.0,Male,2.2,20596.0,Sedan,4.5,0,0.0,11395.59
POL100469,32.0,Male,6.7,4000.0,Car,1.7,0,0.0,10210.11
POL100470,52.0,Female,8.9,11980.0,Hatchback,4.9,1,38973.65,11985.42
POL100471,31.0,Male,3.5,12770.0,Car,2.3,0,0.0,9237.63
POL100472,64.0,Male,1.1,12823.0,Car,3.6,0,0.0,10489.67
POL100473,24.0,Male,4.4,21149.0,Car,3.1,0,0.0,12684.3
POL100474,26.0,Female,8.3,12116.0,Hatchback,3.9,1,22320.61,9873.92
POL100475,56.0,Female,4.4,20168.0,Car,2.3,0,0.0,11351.61
POL100476,49.0,Female,8.4,14180.0,SUV,4.3,0,0.0,10777.15
POL100477,58.0,Male,0.5,11041.0,Car,1.3,0,0.0,9566.58
POL100478,61.0,Male,2.6,8090.0,SUV,1.9,0,0.0,11231.09
POL100479,25.0,Male,7.5,14934.0,Car,0.5,0,0.0,11443.76
POL100480,59.0,Male,7.0,11143.0,Car,4.2,0,0.0,11683.99
POL100481,39.0,Female,5.1,15778.0,Car,4.1,0,0.0,11035.62
POL100482,59.0,Female,3.7,10872.0,Sedan,4.1,0,0.0,10257.62
POL100483,31.0,Female,9.1,24198.0,Car,3.5,1,14964.77,12413.05
POL100484,70.0,Male,5.1,13457.0,,4.0,0,0.0,13106.1
POL100485,45.0,Female,11.6,14620.0,Hatchback,3.7,1,10171.87,11842.83
POL100486,22.0,Female,6.0,18303.0,SUV,1.0,0,0.0,12456.87
POL100487,56.0,Male,6.1,9297.0,Sedan,2.0,0,0.0,11693.56
POL100488,26.0,Female,4.2,12946.0,Car,4.5,2,51770.59,8352.63
POL100489,50.0,Female,9.9,18575.0,Hatchback,4.6,0,0.0,13810.56
POL100490,28.0,Female,1.3,13080.0,Sedan,1.4,0,0.0,8463.46
POL100491,31.0,Male,8.7,11391.0,Sedan,4.3,0,0.0,10902.36
POL100492,50.0,Male,4.7,12924.0,Hatchback,1.2,0,0.0,11701.07
POL100493,49.0,Female,1.8,16704.0,Hatchback,3.9,0,0.0,9122.44
POL100494,42.0,Male,6.7,18961.0,Sedan,2.3,0,0.0,11583.36
POL100495,35.0,Male,2.9,10062.0,Car,3.4,0,0.0,10595.28
POL100496,24.0,Female,10.7,20014.0,SUV,1.1,3,27655.16,13252.33
POL100497,37.0,Female,4.0,20408.0,SUV,2.6,0,0.0,11040.22
POL100498,34.0,Female,2.1,14891.0,SUV,2.0,0,0.0,11792.72
POL100499,70.0,Female,1.7,27005.0,Car,1.9,0,0.0,11431.01
POL100500,40.0,Female,11.5,19309.0,Hatchback,1.4,0,0.0,12064.64
POL100501,48.0,Male,6.8,14397.0,Sedan,2.5,0,0.0,10857.33
POL100502,46.0,Female,4.4,18260.0,Hatchback,1.9,0,0.0,10257.17
POL100503,67.0,Male,8.4,9054.0,Hatchback,0.9,0,0.0,10779.97
POL100504,58.0,Male,5.8,7252.0,Hatchback,2.9,1,4556.18,9735.41
POL100505,48.0,Male,5.9,15176.0,SUV,1.5,0,0.0,11966.06
POL100506,45.0,Female,9.5,11392.0,Hatchback,4.7,0,0.0,10278.55
POL100507,65.0,Male,8.6,13044.0,Hatchback,2.6,0,0.0,13315.4
POL100508,62.0,Male,0.4,15343.0,SUV,3.4,0,0.0,10619.27
POL100509,55.0,Male,6.2,17881.0,Sedan,4.1,0,0.0,11324.13
POL100510,48.0,Female,9.1,9535.0,Car,2.8,0,0.0,12749.35
POL100511,26.0,Male,7.1,21242.0,Hatchback,4.6,1,71576.39,11931.55
POL100512,38.0,Male,6.6,20938.0,Sedan,1.0,0,0.0,11559.03
POL100513,56.0,Male,0.0,16604.0,Car,2.9,0,0.0,11457.46
POL100514,61.0,Female,9.8,21922.0,SUV,3.0,0,0.0,16215.77
POL100515,54.0,Female,3.6,14006.0,Car,4.9,0,0.0,11706.21
POL100516,30.0,Male,6.1,9844.0,Sedan,0.9,0,0.0,9609.78
POL100517,31.0,Male,9.0,17466.0,Hatchback,0.8,0,0.0,12947.47
POL100518,65.0,Female,9.8,18928.0,SUV,4.5,0,0.0,13244.75
POL100519,38.0,Male,3.3,16515.0,Sedan,3.1,0,0.0,8943.01
POL100520,54.0,Male,7.6,14122.0,SUV,2.4,1,22008.93,13778.46
POL100521,30.0,Male,4.5,15241.0,Hatchback,1.9,0,0.0,11617.2
POL100522,68.0,Male,5.8,15434.0,Car,0.8,0,0.0,12908.46
POL100523,34.0,Male,6.3,14331.0,SUV,3.7,1,43562.4,11642.06
POL100524,31.0,Male,9.9,16864.0,SUV,4.2,2,95601.32,13767.69
POL100525,34.0,Male,4.5,12812.0,Hatchback,3.8,1,14048.61,11387.14
POL100526,32.0,Female,11.7,19222.0,Sedan,2.8,0,0.0,13333.83
POL100527,25.0,Male,7.3,21717.0,Hatchback,2.0,1,8074.19,11327.76
POL100528,43.0,Male,0.0,21560.0,SUV,2.8,1,6401.55,10819.24
POL100529,49.0,Female,5.9,14954.0,Car,4.2,1,17784.66,12108.44
POL100530,28.0,Male,0.1,20896.0,SUV,1.7,0,0.0,10123.78
POL100531,44.0,Male,7.3,19058.0,SUV,4.8,0,0.0,11056.66
POL100532,22.0,Male,6.1,15929.0,Sedan,0.7,0,0.0,10947.06
POL100533,48.0,Male,6.1,19870.0,SUV,1.3,1,24983.38,14411.06
POL100534,38.0,Male,13.9,7999.0,SUV,1.8,0,0.0,13148.6
POL100535,54.0,Male,4.7,19175.0,Hatchback,1.7,0,0.0,11407.45
POL100536,58.0,Female,7.6,10531.0,Sedan,1.5,0,0.0,11940.37
POL100537,28.0,Female,17.1,8386.0,Car,3.6,0,0.0,13172.5
POL100538,65.0,Male,10.0,15700.0,Car,4.0,0,0.0,12495.5
POL100539,60.0,Male,7.1,9139.0,Hatchback,0.7,0,0.0,11368.81
POL100540,32.0,Female,7.9,16971.0,Hatchback,5.0,0,0.0,12555.78
POL100541,43.0,Female,5.5,19852.0,Hatchback,4.8,1,10174.26,12454.64
POL100542,68.0,Male,9.1,15178.0,Hatchback,4.9,0,0.0,13475.54
POL100543,65.0,Male,2.0,15120.0,Sedan,1.6,0,0.0,11489.91
POL100544,24.0,Male,6.7,12618.0,Car,0.6,0,0.0,11176.11
POL100545,65.0,Male,3.6,18260.0,Hatchback,1.5,1,26411.32,9940.59
POL100546,24.0,Female,7.8,6182.0,Hatchback,2.8,1,9763.86,8946.23
POL100547,37.0,Female,10.8,8197.0,Sedan,3.3,0,0.0,10775.99
POL100548,56.0,Male,1.5,8859.0,Car,2.5,0,0.0,9161.45
POL100549,62.0,Male,6.3,21255.0,SUV,2.4,0,0.0,15756.84
POL100550,24.0,Male,7.7,10705.0,SUV,1.9,0,0.0,10922.38
POL100551,68.0,Male,4.0,15303.0,Hatchback,2.8,0,0.0,11039.79
POL100552,69.0,Male,6.8,13352.0,Hatchback,2.7,0,0.0,12046.24
POL100553,40.0,Male,8.8,13156.0,Hatchback,2.9,1,13776.63,12897.48
POL100554,34.0,Female,7.0,6589.0,Hatchback,4.3,0,0.0,9757.52
POL100555,26.0,Male,4.5,18004.0,Sedan,1.1,0,0.0,11159.29
POL100556,27.0,Male,9.7,7089.0,Hatchback,4.1,1,15498.31,8575.22
POL100557,23.0,Male,11.8,11654.0,Hatchback,4.2,0,0.0,12234.49
POL100558,59.0,Male,6.8,12404.0,Car,4.0,0,0.0,10762.37
POL100559,42.0,Male,10.0,19911.0,Car,1.6,0,0.0,11877.01
POL100560,42.0,Male,7.3,14684.0,SUV,1.1,0,0.0,12284.81
POL100561,34.0,Female,1.7,19859.0,SUV,0.7,0,0.0,10984.28
POL100562,66.0,Male,9.1,10079.0,SUV,3.8,0,0.0,12788.61
POL100563,47.0,Female,10.2,19545.0,SUV,2.0,2,25286.65,13323.36
POL100564,45.0,Male,10.6,13741.0,SUV,1.3,1,30599.19,13407.69
POL100565,40.0,Female,5.8,15442.0,SUV,3.0,0,0.0,11471.31
POL100566,21.0,Male,15.6,11308.0,Hatchback,3.7,0,0.0,12960.82
POL100567,29.0,Male,8.4,17579.0,Car,3.3,0,0.0,10961.54
POL100568,29.0,Female,6.2,23470.0,Car,3.8,0,0.0,9888.82
POL100569,42.0,Female,1.9,20621.0,SUV,0.5,0,0.0,12022.66
POL100570,25.0,Male,3.1,19969.0,SUV,2.8,0,0.0,10734.64
POL100571,66.0,Male,3.9,14587.0,Hatchback,4.1,1,11649.57,12641.75
POL100572,30.0,Male,1.7,18701.0,Car,3.3,0,0.0,9789.93
POL100573,50.0,Male,12.2,11808.0,Sedan,3.7,0,0.0,12773.05
POL100574,34.0,Male,8.8,15375.0,SUV,4.3,0,0.0,11730.88
POL100575,25.0,Male,0.0,11561.0,Hatchback,2.9,0,0.0,7133.72
POL100576,24.0,Female,6.3,14796.0,Sedan,4.0,0,0.0,10017.83
POL100577,44.0,Female,7.1,25075.0,Sedan,2.2,0,0.0,13744.9
POL100578,64.0,Male,6.2,15172.0,SUV,1.2,0,0.0,12171.46
POL100579,57.0,Male,15.8,13023.0,SUV,1.1,1,28470.53,12983.49
POL100580,54.0,Female,3.7,7653.0,SUV,1.4,0,0.0,10573.13
POL100581,52.0,Female,12.0,17749.0,SUV,1.8,0,0.0,14299.01
POL100582,43.0,Male,5.7,8728.0,Car,4.0,0,0.0,9881.07
POL100583,55.0,Female,14.0,18580.0,Hatchback,2.0,0,0.0,16911.1
POL100584,65.0,Male,0.0,14910.0,Hatchback,3.3,0,0.0,9810.96
POL100585,47.0,Female,6.9,10504.0,Car,3.0,0,0.0,11136.26
POL100586,51.0,Male,13.2,9831.0,Sedan,4.9,0,0.0,13666.22
POL100587,30.0,Male,8.2,19045.0,Hatchback,3.0,0,0.0,12296.57
POL100588,55.0,Male,2.0,18600.0,Sedan,2.4,1,18781.04,11163.49
POL100589,26.0,Male,0.0,16628.0,Car,4.1,2,10495.84,7593.38
POL100590,56.0,Female,3.3,22623.0,Sedan,3.1,0,0.0,12714.99
POL100591,70.0,Male,1.8,20893.0,Hatchback,4.2,0,0.0,10676.75
POL100592,42.0,Male,1.2,12775.0,Sedan,4.2,0,0.0,8756.2
POL100593,46.0,Male,12.0,13316.0,Hatchback,4.5,1,2317.08,12176.47
POL100594,35.0,Female,6.0,18009.0,Car,0.8,0,0.0,11098.47
POL100595,58.0,Female,2.8,14669.0,SUV,1.8,0,0.0,11821.5
POL100596,65.0,Female,2.0,17900.0,Hatchback,2.8,0,0.0,11408.09
POL100597,29.0,Male,1.2,18440.0,Hatchback,1.3,0,0.0,11170.29
POL100598,39.0,Female,8.0,11929.0,Hatchback,1.7,0,0.0,10201.28
POL100599,39.0,Male,7.0,17834.0,Hatchback,1.2,0,0.0,10736.0
POL100600,42.0,Male,3.2,13148.0,SUV,3.9,0,0.0,11644.35
POL100601,21.0,Male,12.0,23320.0,Hatchback,2.5,0,0.0,12904.93
POL100602,34.0,Male,2.8,14885.0,Car,4.5,0,0.0,11047.57
POL100603,45.0,Male,3.7,8635.0,Hatchback,0.6,0,0.0,9360.6
POL100604,48.0,Female,6.7,19401.0,SUV,2.6,0,0.0,12725.52
POL100605,59.0,Male,2.2,11596.0,Car,0.8,0,0.0,10744.19
POL100606,47.0,Female,7.5,21119.0,SUV,2.8,0,0.0,13461.37
POL100607,23.0,Female,1.0,22141.0,Hatchback,1.8,1,62381.28,10367.12
POL100608,42.0,Female,3.0,8898.0,Sedan,4.7,0,,9741.21
POL100609,42.0,Male,11.6,12429.0,SUV,2.7,0,0.0,13399.39
POL100610,38.0,Male,6.6,26069.0,Sedan,4.4,1,43320.29,12535.26
POL100611,35.0,Female,7.4,16426.0,SUV,1.6,2,23348.24,13097.54
POL100612,48.0,Male,4.1,15190.0,Sedan,2.3,0,0.0,9966.34
POL100613,44.0,Female,8.9,16121.0,Sedan,1.8,1,40927.84,10757.55
POL100614,40.0,Male,5.6,15131.0,Sedan,3.1,0,0.0,10260.04
POL100615,70.0,Female,2.4,17606.0,SUV,1.0,0,0.0,11432.43
POL100616,59.0,Male,11.4,13998.0,SUV,1.3,0,0.0,13135.01
POL100617,28.0,Female,7.1,14695.0,Car,4.0,0,0.0,10219.65
POL100618,28.0,Female,9.9,21586.0,Hatchback,2.7,2,29390.38,12945.44
POL100619,34.0,Female,5.2,11017.0,SUV,4.7,0,0.0,12853.14
POL100620,57.0,Male,3.0,13308.0,Hatchback,1.2,1,41318.4,10934.69
POL100621,31.0,Male,7.6,11742.0,Car,1.6,0,0.0,10012.39
POL100622,31.0,Male,7.7,21279.0,Hatchback,4.2,0,0.0,10661.84
POL100623,70.0,Male,7.8,13247.0,Car,4.9,0,0.0,11424.81
POL100624,67.0,Male,8.4,11834.0,Sedan,4.3,0,0.0,11690.41
POL100625,56.0,Female,3.5,8556.0,Sedan,4.0,0,0.0,11027.54
POL100626,40.0,Female,12.8,15790.0,Car,2.4,0,0.0,13597.7
POL100627,53.0,Female,8.4,20199.0,SUV,0.8,0,0.0,14134.9
POL100628,37.0,Male,9.1,10341.0,,3.1,0,0.0,10417.11
POL100629,21.0,Male,0.0,14977.0,Hatchback,1.1,0,0.0,9771.15
POL100630,66.0,Male,0.5,12129.0,SUV,2.7,0,0.0,10248.8
POL100631,70.0,Male,2.4,7847.0,Sedan,0.7,0,0.0,11526.47
POL100632,23.0,Male,0.2,18124.0,SUV,2.5,0,0.0,11151.42
POL100633,49.0,Female,5.0,19544.0,Car,0.7,0,0.0,12147.57
POL100634,69.0,Male,7.4,18192.0,Sedan,2.8,0,0.0,15173.68
POL100635,61.0,Male,7.0,12104.0,Hatchback,1.3,0,0.0,13010.23
POL100636,67.0,Female,8.5,13236.0,Car,2.4,2,21413.98,11898.95
POL100637,60.0,Male,14.9,21813.0,Hatchback,1.6,2,8519.46,16520.34
POL100638,54.0,Male,1.7,15259.0,SUV,3.8,0,0.0,13221.27
POL100639,46.0,Female,3.0,13204.0,Sedan,3.2,0,0.0,10405.25
POL100640,49.0,Female,9.8,9165.0,Car,0.6,0,0.0,11918.42
POL100641,21.0,Female,3.9,5378.0,Car,2.3,0,0.0,9276.18
POL100642,47.0,Male,1.3,15242.0,Sedan,1.3,0,0.0,10313.06
POL100643,22.0,Male,3.0,17894.0,Hatchback,3.2,1,14697.75,8432.62
POL100644,25.0,Male,6.8,8242.0,SUV,1.2,0,0.0,11008.33
POL100645,62.0,Male,6.3,20504.0,Hatchback,2.5,1,23829.38,13600.14
POL100646,25.0,Female,6.1,16144.0,Car,2.9,0,0.0,11259.4
POL100647,49.0,Male,7.2,19530.0,Hatchback,2.2,1,48279.74,12330.65
POL100648,55.0,Female,7.5,21558.0,Sedan,4.2,0,0.0,14244.41
POL100649,22.0,Female,1.7,18814.0,SUV,0.7,0,0.0,10673.94
POL100650,68.0,Male,3.8,26681.0,SUV,5.0,0,0.0,16495.96
POL100651,41.0,Female,8.5,14610.0,Hatchback,2.0,0,0.0,11575.55
POL100652,46.0,Male,7.4,13980.0,Hatchback,3.7,0,0.0,11894.66
POL100653,68.0,Male,1.5,11987.0,Sedan,0.5,0,0.0,9105.06
POL100654,21.0,Female,5.5,22264.0,Sedan,4.5,0,0.0,10908.4
POL100655,27.0,Male,6.7,18428.0,SUV,3.4,2,9272.67,14061.16
POL100656,62.0,Male,1.4,11445.0,Hatchback,1.1,0,0.0,11061.48
POL100657,36.0,Male,0.0,18708.0,Sedan,4.3,1,32349.63,9429.37
POL100658,62.0,Female,2.6,17094.0,SUV,1.8,0,0.0,11762.87
POL100659,67.0,Female,9.6,6853.0,SUV,4.7,0,0.0,14520.65
POL100660,37.0,Female,1.2,22143.0,Hatchback,0.8,0,0.0,10875.67
POL100661,21.0,Male,6.7,12614.0,Car,3.7,0,0.0,9801.14
POL100662,54.0,Male,1.7,9181.0,Car,3.9,0,0.0,12721.38
POL100663,60.0,Female,4.2,18583.0,Car,3.6,1,63075.36,13914.73
POL100664,28.0,Male,13.3,18944.0,Hatchback,1.4,0,0.0,12372.37
POL100665,33.0,Male,7.9,18849.0,Hatchback,3.9,1,3744.29,12424.39
POL100666,29.0,Female,12.4,20337.0,Car,3.5,0,0.0,13232.07
POL100667,51.0,Male,0.0,19743.0,Sedan,3.5,0,0.0,10787.25
POL100668,56.0,Female,6.0,18875.0,Sedan,4.9,0,0.0,12589.03
POL100669,22.0,Female,8.9,12221.0,Hatchback,3.6,1,16581.02,9964.92
POL100670,46.0,Male,7.3,12219.0,Hatchback,1.5,0,0.0,10827.65
POL100671,57.0,Male,6.3,21963.0,Hatchback,3.1,1,33461.3,12077.08
POL100672,50.0,Male,2.9,12233.0,Car,3.8,1,37515.32,10503.71
POL100673,70.0,Female,10.9,11559.0,Sedan,0.8,0,0.0,13228.6
POL100674,47.0,Female,4.2,12070.0,Sedan,3.4,0,0.0,9390.18
POL100675,67.0,Female,11.9,14128.0,Hatchback,1.3,0,0.0,12737.79
POL100676,68.0,Female,6.4,20808.0,Hatchback,2.3,0,0.0,13742.06
POL100677,29.0,Male,10.2,17391.0,Sedan,4.7,1,24824.13,13357.54
POL100678,60.0,Male,2.2,12188.0,Sedan,3.8,0,0.0,11772.29
POL100679,52.0,Female,6.4,20858.0,Car,4.2,0,0.0,11242.88
POL100680,65.0,Male,9.0,13514.0,SUV,1.1,0,0.0,13097.39
POL100681,33.0,Female,3.0,11799.0,Hatchback,0.9,0,0.0,10653.34
POL100682,35.0,Male,2.1,18985.0,Car,0.9,0,0.0,8789.41
POL100683,41.0,Male,3.9,19584.0,Sedan,4.2,0,0.0,9972.05
POL100684,69.0,Female,4.1,20787.0,Hatchback,2.2,0,0.0,10696.17
POL100685,70.0,Male,12.3,12265.0,Car,0.9,0,0.0,14934.07
POL100686,61.0,Female,0.0,14100.0,Sedan,4.8,1,21703.23,8580.81
POL100687,23.0,Female,3.7,7765.0,Hatchback,4.8,0,0.0,9016.92
POL100688,25.0,Male,11.6,5887.0,Hatchback,1.0,0,0.0,10920.08
POL100689,54.0,Female,5.4,9919.0,SUV,3.3,0,0.0,12174.93
POL100690,25.0,Male,11.0,11953.0,Hatchback,3.6,0,0.0,11029.47
POL100691,69.0,Male,6.0,16099.0,Sedan,1.5,1,16909.76,11917.36
POL100692,30.0,Female,4.4,12897.0,Sedan,0.9,0,0.0,9161.14
POL100693,68.0,Male,12.3,5888.0,Car,0.7,0,0.0,12796.53
POL100694,37.0,Male,8.2,17498.0,Hatchback,2.6,0,0.0,13023.5
POL100695,34.0,Female,5.8,14495.0,Hatchback,2.4,0,0.0,9767.19
POL100696,31.0,Female,1.8,18100.0,Hatchback,0.9,0,0.0,9770.89
POL100697,59.0,Male,5.1,18308.0,SUV,0.6,0,0.0,12562.19
POL100698,23.0,Male,3.4,5160.0,Car,3.8,1,9688.69,7743.41
POL100699,50.0,Male,2.3,19420.0,SUV,2.7,0,0.0,11715.11
POL100700,43.0,Female,9.8,10276.0,SUV,2.6,0,0.0,14021.09
POL100701,48.0,Male,2.1,15446.0,Car,2.8,0,0.0,9446.26
POL100702,34.0,Male,1.4,18172.0,Sedan,0.8,0,0.0,10014.37
POL100703,24.0,Male,10.1,19614.0,Hatchback,3.9,1,18883.33,11512.14
POL100704,44.0,Female,5.8,18365.0,Hatchback,4.8,0,0.0,11459.15
POL100705,36.0,Male,0.0,15800.0,Car,4.0,0,0.0,10530.74
POL100706,60.0,Male,7.6,16832.0,SUV,2.8,0,0.0,13960.92
POL100707,37.0,Male,2.6,22853.0,Hatchback,2.2,0,0.0,11094.0
POL100708,37.0,Female,5.7,17804.0,Hatchback,3.8,0,0.0,11167.97
POL100709,40.0,Female,7.7,10660.0,Sedan,2.2,0,0.0,12120.14
POL100710,23.0,Female,12.6,10846.0,Car,2.7,1,25310.39,11322.0
POL100711,45.0,Female,8.3,20128.0,Sedan,1.9,2,35488.57,12812.36
POL100712,62.0,Female,1.9,13731.0,SUV,3.5,1,26297.11,10754.43
POL100713,46.0,Male,10.6,20829.0,SUV,2.1,2,22413.47,14821.66
POL100714,45.0,Female,3.9,17359.0,SUV,3.7,0,0.0,12607.59
POL100715,45.0,Male,2.3,12461.0,Sedan,2.5,0,0.0,9878.41
POL100716,33.0,Male,8.0,8858.0,Sedan,3.9,0,0.0,9888.23
POL100717,26.0,Male,7.4,14643.0,SUV,3.9,1,7976.01,10967.59
POL100718,67.0,Male,1.1,15061.0,SUV,4.9,0,0.0,12812.29
POL100719,60.0,Male,8.8,15470.0,Car,1.7,0,0.0,13889.72
POL100720,57.0,Female,5.5,9254.0,Sedan,0.7,0,0.0,9366.24
POL100721,23.0,Male,12.5,13473.0,Hatchback,1.5,0,0.0,12682.25
POL100722,42.0,Male,1.0,16526.0,Car,4.8,1,60012.45,10604.73
POL100723,21.0,Male,3.9,10522.0,Car,3.9,0,0.0,8487.53
POL100724,38.0,Male,10.1,13129.0,Hatchback,1.5,0,0.0,11880.68
POL100725,25.0,Male,6.6,19345.0,Car,4.6,1,37024.34,13131.37
POL100726,24.0,Male,5.0,12924.0,Car,2.5,0,0.0,9969.19
POL100727,44.0,Male,7.6,19974.0,SUV,3.4,0,0.0,13321.44
POL100728,35.0,Male,0.0,14298.0,Sedan,3.7,0,0.0,8674.94
POL100729,69.0,Female,6.9,16701.0,Hatchback,3.2,0,0.0,12414.91
POL100730,56.0,Female,4.4,22265.0,SUV,3.0,0,0.0,14148.97
POL100731,38.0,Female,0.0,19974.0,Car,5.0,0,0.0,10446.54
POL100732,24.0,Male,8.1,21750.0,Car,2.4,0,0.0,12996.36
POL100733,53.0,Female,4.7,10493.0,Sedan,2.5,0,0.0,10060.02
POL100734,39.0,Male,10.3,16076.0,Car,1.5,0,0.0,12249.49
POL100735,39.0,Male,7.7,18970.0,SUV,2.3,1,17485.11,14226.33
POL100736,50.0,Male,6.2,18562.0,Hatchback,2.1,1,14096.64,11456.65
POL100737,41.0,Female,6.1,15400.0,Hatchback,3.3,1,3075.67,11971.91
POL100738,57.0,Male,9.7,21652.0,Sedan,1.7,0,0.0,13769.47
POL100739,64.0,Male,-0.0,14904.0,SUV,3.2,0,0.0,10527.77
POL100740,58.0,Male,11.4,16864.0,Car,4.7,0,0.0,12236.19
POL100741,70.0,Male,8.4,17144.0,Car,4.9,0,0.0,13448.52
POL100742,35.0,Female,12.0,15259.0,Sedan,1.9,0,0.0,13909.69
POL100743,36.0,Male,4.8,15055.0,Sedan,2.5,0,0.0,9351.21
POL100744,37.0,Male,4.6,21704.0,Car,1.3,0,0.0,10882.86
POL100745,30.0,Male,2.7,19370.0,Sedan,1.7,0,0.0,10183.65
POL100746,28.0,Male,8.8,24725.0,Hatchback,2.9,0,0.0,11724.6
POL100747,30.0,Female,3.3,15224.0,Car,2.7,1,26314.22,9585.8
POL100748,57.0,Male,8.6,11220.0,Sedan,3.1,0,0.0,15121.04
POL100749,46.0,Female,7.2,13171.0,Sedan,3.8,1,33090.81,11243.96
POL100750,34.0,Male,5.0,12365.0,Car,1.4,0,0.0,10684.63
POL100751,53.0,Male,5.8,19703.0,SUV,2.3,0,0.0,14500.78
POL100752,45.0,Female,9.0,10072.0,Car,3.7,0,0.0,12806.41
POL100753,21.0,Female,5.4,10175.0,Hatchback,1.2,0,0.0,11591.03
POL100754,65.0,Male,8.2,14366.0,Car,3.8,0,0.0,12328.47
POL100755,39.0,Female,0.0,4000.0,SUV,1.1,1,3970.51,7947.55
POL100756,21.0,Male,2.3,13515.0,Sedan,2.6,1,16462.6,9694.16
POL100757,30.0,Female,4.0,13980.0,Car,4.7,1,44507.98,9405.43
POL100758,63.0,Male,9.5,4000.0,SUV,2.1,0,0.0,14496.44
POL100759,53.0,Male,4.0,22433.0,SUV,1.7,0,0.0,13968.18
POL100760,57.0,Male,8.1,11386.0,SUV,1.2,1,10195.82,12531.27
POL100761,37.0,Female,4.2,18864.0,Hatchback,0.7,1,18727.21,10035.35
POL100762,53.0,Female,2.3,26630.0,Hatchback,1.6,0,0.0,11625.43
POL100763,36.0,Male,5.0,14320.0,Hatchback,1.0,0,0.0,10760.0
POL100764,41.0,Female,5.2,9858.0,Sedan,3.2,0,0.0,9203.22
POL100765,29.0,Male,8.4,18462.0,SUV,4.9,0,0.0,11179.31
POL100766,52.0,Male,8.8,15900.0,Car,2.2,0,0.0,13597.28
POL100767,51.0,Male,9.2,16563.0,Hatchback,3.3,0,0.0,15179.66
POL100768,68.0,Male,10.9,12655.0,SUV,1.9,0,0.0,15889.86
POL100769,54.0,Male,6.5,9679.0,Car,4.4,0,0.0,11260.12
POL100770,25.0,Female,1.1,17005.0,Hatchback,1.4,0,0.0,9802.94
POL100771,34.0,Female,2.1,12911.0,SUV,2.8,0,0.0,8644.28
POL100772,24.0,Female,4.9,17235.0,Car,2.1,0,0.0,9081.2
POL100773,35.0,Female,10.4,12388.0,Car,1.5,0,0.0,12480.17
POL100774,38.0,Male,2.7,7302.0,Car,1.0,0,0.0,9969.58
POL100775,68.0,Male,2.0,9085.0,SUV,3.9,0,0.0,10783.49
POL100776,26.0,Male,7.4,17879.0,Sedan,1.2,1,7039.93,9704.34
POL100777,46.0,Female,4.1,19443.0,Car,1.1,0,0.0,12321.81
POL100778,66.0,Female,9.7,14597.0,Sedan,0.6,0,0.0,12475.7
POL100779,36.0,Male,4.4,11975.0,Hatchback,2.2,0,0.0,8347.59
POL100780,60.0,Male,5.3,14838.0,Car,1.9,0,0.0,11288.24
POL100781,37.0,Female,5.8,9860.0,Hatchback,3.7,1,14363.75,10505.62
POL100782,28.0,Male,5.4,10918.0,Car,1.9,0,0.0,9272.26
POL100783,50.0,Male,3.5,15122.0,Hatchback,4.9,1,1430.45,10130.69
POL100784,39.0,Male,2.7,20239.0,Hatchback,4.0,0,0.0,11417.57
POL100785,21.0,Female,7.8,16198.0,Hatchback,2.0,0,0.0,11965.74
POL100786,41.0,Female,5.0,18823.0,Car,2.4,0,0.0,12849.95
POL100787,40.0,Female,5.7,14088.0,SUV,4.5,0,0.0,10906.15
POL100788,68.0,Female,1.2,18566.0,Car,1.2,0,0.0,12054.37
POL100789,63.0,Male,5.8,13227.0,Car,3.3,0,0.0,11583.39
POL100790,37.0,Male,7.5,23361.0,Hatchback,3.9,0,0.0,12638.47
POL100791,58.0,Female,8.4,16654.0,Sedan,4.4,0,0.0,12521.77
POL100792,45.0,Female,12.7,15373.0,Car,1.1,0,0.0,15426.8
POL100793,66.0,Female,4.6,29236.0,Sedan,2.8,0,0.0,14666.98
POL100794,47.0,Female,5.8,26359.0,Car,1.6,0,0.0,13374.85
POL100795,25.0,Male,2.0,9910.0,Hatchback,3.1,0,0.0,7976.13
POL100796,60.0,Male,0.6,20484.0,Sedan,2.7,0,0.0,11348.49
POL100797,54.0,Female,9.2,25817.0,Car,1.9,0,0.0,14046.33
POL100798,64.0,Male,1.2,16968.0,Hatchback,2.0,0,0.0,11145.31
POL100799,56.0,Female,6.9,8295.0,SUV,2.1,0,0.0,13114.72
POL100800,54.0,Male,8.7,12544.0,SUV,1.5,0,0.0,12439.14
POL100801,39.0,Male,12.2,9648.0,Sedan,4.4,0,0.0,11253.29
POL100802,39.0,Female,9.1,18776.0,Sedan,4.1,0,0.0,13082.25
POL100803,40.0,Male,9.8,19099.0,Hatchback,1.1,0,0.0,13442.04
POL100804,32.0,Female,8.6,10196.0,Car,0.8,0,0.0,10043.36
POL100805,56.0,Female,9.9,18730.0,Sedan,0.7,0,0.0,13332.28
POL100806,40.0,Male,3.7,10227.0,SUV,2.6,0,0.0,12302.1
POL100807,69.0,Male,13.8,17084.0,Hatchback,2.4,0,0.0,16935.45
POL100808,49.0,Female,4.1,12160.0,Car,1.4,0,0.0,10345.17
POL100809,36.0,Female,3.9,20676.0,SUV,0.9,4,7387.6,11720.87
POL100810,59.0,Male,10.9,14595.0,Car,3.8,0,0.0,14507.0
POL100811,43.0,Female,14.4,19042.0,Sedan,1.0,1,28747.18,14426.56
POL100812,68.0,Male,9.2,8336.0,Car,4.6,0,0.0,15411.71
POL100813,61.0,Male,9.1,20653.0,Car,3.5,0,0.0,17075.52
POL100814,64.0,Female,4.0,9534.0,Hatchback,3.3,2,14715.43,10974.68
POL100815,69.0,Male,5.1,16714.0,Sedan,4.0,0,0.0,10469.72
POL100816,60.0,Male,2.6,21777.0,Car,2.8,2,25400.82,12530.27
POL100817,68.0,Male,3.4,14173.0,Car,2.2,0,0.0,10434.46
POL100818,66.0,Male,12.3,21096.0,Hatchback,1.4,0,0.0,13830.88
POL100819,28.0,Male,1.2,15661.0,Car,1.1,1,95060.62,10451.38
POL100820,55.0,Male,9.3,20511.0,SUV,4.3,1,6562.71,13892.08
POL100821,48.0,Male,10.3,22760.0,SUV,4.5,0,0.0,14380.81
POL100822,68.0,Male,5.5,18248.0,Hatchback,0.5,0,0.0,12501.86
POL100823,58.0,Male,6.8,20988.0,Hatchback,4.9,2,17945.34,13406.32
POL100824,46.0,Female,0.0,26320.0,Sedan,1.3,0,0.0,10436.65
POL100825,52.0,Male,6.8,21886.0,Car,2.0,1,18254.07,12299.31
POL100826,25.0,Female,2.9,10176.0,SUV,2.3,1,17075.68,11642.5
POL100827,38.0,Male,0.0,17200.0,Hatchback,0.7,0,0.0,10653.19
POL100828,57.0,Male,7.6,16622.0,Car,1.5,1,42322.89,13556.96
POL100829,42.0,Male,2.9,10841.0,Sedan,3.2,2,7802.0,10074.83
POL100830,68.0,Female,5.5,13583.0,SUV,2.3,0,0.0,11155.93
POL100831,53.0,Male,5.8,4914.0,Car,3.0,0,0.0,9622.89
POL100832,22.0,Female,8.3,6628.0,Sedan,1.1,1,8217.86,9134.42
POL100833,28.0,Male,5.2,18417.0,SUV,4.6,0,0.0,12402.7
POL100834,52.0,Female,4.8,13725.0,SUV,4.7,1,14386.43,10806.45
POL100835,60.0,Female,4.4,13972.0,Hatchback,1.5,0,0.0,12139.28
POL100836,36.0,Female,5.2,13889.0,Sedan,1.8,0,0.0,10166.4
POL100837,40.0,Male,9.2,12604.0,SUV,1.8,0,0.0,13564.41
POL100838,41.0,Female,9.0,11144.0,Car,3.1,0,0.0,11416.73
POL100839,33.0,Male,4.3,18309.0,Sedan,2.5,0,0.0,11913.19
POL100840,66.0,Female,5.8,14140.0,Car,3.8,1,21760.8,11363.87
POL100841,46.0,Male,5.2,21556.0,Sedan,3.6,0,0.0,11577.31
POL100842,37.0,Male,2.0,9627.0,Hatchback,1.4,0,0.0,8299.54
POL100843,67.0,Female,13.5,18023.0,Car,1.9,0,0.0,13701.79
POL100844,52.0,Female,3.4,18998.0,Hatchback,2.5,0,0.0,10759.66
POL100845,21.0,Male,8.2,13634.0,SUV,3.4,3,22210.96,11703.1
POL100846,42.0,Female,6.3,10933.0,Hatchback,1.0,0,0.0,10076.77
POL100847,54.0,Male,9.6,20619.0,Hatchback,3.3,0,0.0,13605.74
POL100848,67.0,Male,0.0,19713.0,Sedan,2.8,0,0.0,11802.88
POL100849,46.0,Female,8.6,19758.0,Hatchback,1.5,0,0.0,13049.79
POL100850,39.0,Male,8.0,19082.0,Car,4.3,1,36484.75,11981.14
POL100851,37.0,Female,0.0,17113.0,Sedan,1.9,2,7628.61,8562.04
POL100852,25.0,Female,7.0,13990.0,SUV,0.9,0,0.0,9995.48
POL100853,25.0,Male,8.3,22197.0,SUV,2.3,2,17336.57,14241.29
POL100854,41.0,Male,1.8,24802.0,Sedan,2.1,0,0.0,9994.01
POL100855,60.0,Male,4.2,20623.0,Sedan,1.2,1,32485.51,12260.52
POL100856,41.0,Female,5.2,23876.0,Hatchback,2.9,3,32828.82,11800.52
POL100857,27.0,Male,3.2,6827.0,Car,4.7,0,0.0,8797.25
POL100858,65.0,Male,4.8,15199.0,Sedan,3.2,0,0.0,10368.85
POL100859,61.0,Female,12.3,12977.0,Hatchback,1.0,1,69542.84,13496.65
POL100860,37.0,Female,8.1,9670.0,Sedan,4.1,1,3780.28,10454.93
POL100861,37.0,Female,6.9,4726.0,Car,0.7,1,14870.02,8386.1
POL100862,35.0,Female,9.1,19202.0,Sedan,2.2,2,24037.94,13016.33
POL100863,28.0,Male,3.2,19783.0,Hatchback,2.1,0,0.0,9829.15
POL100864,41.0,Male,0.9,11129.0,Hatchback,0.6,0,0.0,9212.42
POL100865,44.0,Male,4.7,12792.0,Car,3.9,2,8027.71,9969.71
POL100866,55.0,Male,6.7,11198.0,SUV,4.3,0,0.0,12437.2
POL100867,30.0,Male,6.9,10253.0,Hatchback,2.8,0,0.0,9212.5
POL100868,42.0,Male,4.4,14149.0,SUV,4.6,0,0.0,13758.87
POL100869,21.0,Female,0.0,25467.0,Car,4.4,0,0.0,9260.66
POL100870,47.0,Male,7.4,13641.0,Sedan,4.2,0,0.0,10560.23
POL100871,41.0,Male,2.9,16109.0,SUV,2.0,0,0.0,11825.57
POL100872,56.0,Male,3.4,16594.0,Sedan,1.0,0,0.0,10795.87
POL100873,49.0,Female,8.8,13676.0,Hatchback,0.7,1,9844.93,13459.93
POL100874,22.0,Female,5.9,17946.0,SUV,4.7,1,15906.27,11223.97
POL100875,27.0,Male,11.7,15111.0,Hatchback,3.0,0,0.0,10764.16
POL100876,27.0,Female,5.5,17851.0,Sedan,4.5,0,0.0,10880.81
POL100877,62.0,Male,5.7,13875.0,Car,2.6,0,0.0,13254.91
POL100878,57.0,Male,5.1,9518.0,Car,2.2,1,13072.23,11707.01
POL100879,29.0,Male,6.1,15343.0,Sedan,1.6,1,35795.62,10390.25
POL100880,66.0,Female,4.8,17766.0,SUV,4.3,0,0.0,14718.96
POL100881,47.0,Female,5.7,9727.0,SUV,3.4,1,34095.29,12927.15
POL100882,64.0,Male,4.7,7606.0,SUV,4.0,0,0.0,9663.93
POL100883,31.0,Male,7.6,16200.0,Sedan,1.8,0,0.0,10471.98
POL100884,56.0,Female,8.7,14055.0,Car,2.3,0,0.0,11282.42
POL100885,53.0,Male,4.5,13905.0,Car,2.7,2,26769.95,11002.68
POL100886,70.0,Female,4.7,13449.0,Car,3.3,0,0.0,13420.1
POL100887,42.0,Male,7.9,10604.0,Car,4.5,0,0.0,11231.43
POL100888,63.0,Male,11.8,23081.0,Car,4.3,0,0.0,15562.02
POL100889,24.0,Female,3.5,4000.0,Hatchback,1.3,1,23957.35,9715.78
POL100890,55.0,Male,5.5,14796.0,Car,0.9,0,0.0,10402.62
POL100891,49.0,Male,7.2,14056.0,Hatchback,3.0,1,39255.19,10919.04
POL100892,53.0,Female,14.8,17952.0,Hatchback,3.9,0,0.0,16088.42
POL100893,60.0,Female,2.8,16833.0,Car,1.3,0,0.0,10108.54
POL100894,63.0,Female,13.3,16464.0,Sedan,3.0,0,0.0,13556.0
POL100895,24.0,Male,9.6,9422.0,SUV,0.5,1,29773.35,12038.27
POL100896,65.0,Female,7.1,9103.0,Hatchback,3.6,0,0.0,10694.43
POL100897,44.0,Female,0.0,17463.0,SUV,2.2,0,0.0,10605.92
POL100898,34.0,Male,3.4,13140.0,Hatchback,2.4,0,0.0,10603.96
POL100899,24.0,Female,5.3,14059.0,Car,2.9,2,7731.75,10062.7
POL100900,63.0,Female,9.5,20125.0,Hatchback,2.4,0,0.0,13556.69
POL100901,56.0,Male,5.0,17335.0,SUV,4.1,0,0.0,11844.36
POL100902,50.0,Male,8.2,6669.0,Sedan,3.2,0,0.0,11128.28
POL100903,23.0,Male,6.8,20439.0,Car,4.5,1,16556.1,10716.75
POL100904,21.0,Male,4.3,12350.0,SUV,3.0,1,19577.67,11208.58
POL100905,35.0,Male,7.5,13259.0,Hatchback,1.2,0,0.0,10067.78
POL100906,30.0,Male,8.0,13903.0,Hatchback,1.0,0,0.0,10347.52
POL100907,58.0,Female,3.1,25843.0,SUV,3.2,0,0.0,14074.22
POL100908,59.0,Female,6.5,19469.0,Sedan,0.9,0,0.0,12748.35
POL100909,31.0,Male,12.9,24417.0,Hatchback,1.1,1,9369.75,13594.61
POL100910,38.0,Female,9.6,16800.0,Hatchback,2.8,0,0.0,12126.37
POL100911,23.0,Male,12.8,14999.0,SUV,3.6,0,0.0,13931.26
POL100912,63.0,Female,6.4,20329.0,Hatchback,3.2,0,0.0,11750.76
POL100913,23.0,Female,4.3,16362.0,Car,3.2,0,0.0,10150.85
POL100914,51.0,Male,3.1,14287.0,SUV,0.8,0,0.0,11317.84
POL100915,51.0,Female,4.1,10860.0,SUV,3.8,0,0.0,12009.28
POL100916,70.0,Male,15.1,19808.0,Hatchback,2.3,1,29074.82,17740.13
POL100917,43.0,Male,1.5,21157.0,Car,4.8,1,31406.06,10312.46
POL100918,59.0,Male,1.5,14002.0,SUV,3.9,1,19459.39,12098.59
POL100919,34.0,Male,0.0,4000.0,SUV,2.3,0,0.0,9623.76
POL100920,25.0,Male,6.0,17767.0,Car,0.6,3,29019.92,10442.87
POL100921,62.0,Male,5.9,9628.0,SUV,3.9,1,10256.03,11840.14
POL100922,62.0,Female,5.3,11006.0,Car,0.7,1,15517.55,10894.11
POL100923,67.0,Female,7.2,11883.0,SUV,4.5,0,0.0,14084.33
POL100924,54.0,Male,6.1,16745.0,Hatchback,2.5,0,0.0,11149.73
POL100925,26.0,Male,1.8,20969.0,SUV,2.0,1,7848.32,10615.91
POL100926,32.0,Male,5.2,9747.0,SUV,2.8,0,0.0,10496.9
POL100927,49.0,Female,10.7,26508.0,SUV,2.8,0,0.0,19340.25
POL100928,46.0,Male,3.4,19634.0,Hatchback,2.2,0,0.0,10037.09
POL100929,25.0,Male,8.8,18217.0,Sedan,2.3,0,0.0,11039.84
POL100930,,Male,4.9,11166.0,SUV,4.4,0,0.0,9510.47
POL100931,52.0,Male,8.6,18717.0,Hatchback,2.9,1,45157.59,13236.9
POL100932,39.0,Male,6.5,14972.0,Sedan,3.3,0,0.0,11013.66
POL100933,66.0,Male,4.6,26675.0,Hatchback,4.1,2,11119.36,12718.35
POL100934,58.0,Male,4.9,23795.0,SUV,5.0,1,51528.53,13985.84
POL100935,44.0,Female,6.8,16448.0,Hatchback,1.7,1,7482.16,10464.19
POL100936,,Male,7.2,18728.0,SUV,2.7,0,0.0,12383.46
POL100937,26.0,Male,9.8,7481.0,SUV,2.1,1,8400.79,10533.22
POL100938,54.0,Male,0.1,20348.0,SUV,4.3,0,0.0,11005.46
POL100939,61.0,Female,6.0,14908.0,Car,3.2,1,8421.03,12598.74
POL100940,65.0,Female,5.9,12956.0,SUV,0.5,0,0.0,13389.48
POL100941,32.0,Male,6.2,16318.0,Sedan,3.7,0,0.0,9559.87
POL100942,56.0,Female,2.4,18790.0,Car,3.0,1,66601.11,11973.47
POL100943,39.0,Male,2.5,19465.0,Sedan,4.2,1,1467.55,9856.42
POL100944,25.0,Male,7.7,9041.0,Sedan,3.7,0,0.0,9933.94
POL100945,28.0,Male,6.8,7757.0,SUV,1.4,0,0.0,10203.38
POL100946,41.0,Male,9.5,13605.0,SUV,3.3,0,0.0,14022.27
POL100947,21.0,Female,0.0,16002.0,Car,2.5,0,0.0,8505.29
POL100948,36.0,Male,10.4,6956.0,Sedan,4.6,0,0.0,11843.09
POL100949,45.0,Female,6.5,17192.0,Sedan,2.5,0,0.0,11691.53
POL100950,44.0,Male,8.3,16849.0,SUV,2.3,0,0.0,13299.09
POL100951,64.0,Female,10.3,7870.0,Hatchback,2.1,0,0.0,10989.06
POL100952,65.0,Male,9.3,19705.0,Sedan,1.7,0,0.0,12633.04
POL100953,40.0,Male,5.1,9414.0,Car,4.6,0,0.0,10097.9
POL100954,38.0,Male,4.9,4507.0,Car,2.4,0,0.0,8961.11
POL100955,69.0,Male,7.4,7924.0,SUV,0.6,0,0.0,13552.77
POL100956,58.0,Male,6.8,8221.0,Hatchback,2.8,0,0.0,12754.7
POL100957,29.0,Female,9.9,15515.0,Hatchback,4.7,1,6621.76,12587.7
POL100958,44.0,Female,0.0,22586.0,Car,1.7,1,42601.37,9125.98
POL100959,50.0,Male,6.8,18648.0,SUV,4.8,1,14993.48,12444.1
POL100960,62.0,Female,11.8,21327.0,SUV,1.8,0,0.0,16372.39
POL100961,46.0,Female,8.8,18880.0,Sedan,1.2,0,0.0,12907.92
POL100962,32.0,Female,6.9,9114.0,Car,1.5,0,0.0,10560.57
POL100963,68.0,Female,9.7,11173.0,SUV,0.6,1,79890.75,14676.14
POL100964,47.0,Female,2.0,,Sedan,3.1,0,0.0,10031.49
POL100965,48.0,Female,6.2,16313.0,Hatchback,3.0,0,0.0,12345.63
POL100966,52.0,Male,8.1,11550.0,Sedan,3.3,0,0.0,10386.96
POL100967,68.0,Female,10.5,9425.0,Hatchback,3.9,0,0.0,10723.7
POL100968,39.0,Female,5.4,5939.0,Sedan,4.4,1,23830.17,10307.33
POL100969,64.0,Male,4.9,15919.0,Car,3.0,0,0.0,11582.53
POL100970,49.0,Female,4.7,17264.0,SUV,5.0,0,0.0,11065.63
POL100971,65.0,Male,6.3,23271.0,Car,0.8,0,0.0,13688.26
POL100972,35.0,Female,2.6,10906.0,Sedan,4.4,0,0.0,10093.65
POL100973,64.0,Female,7.6,13593.0,SUV,4.6,0,0.0,14682.48
POL100974,70.0,Male,8.6,9663.0,Hatchback,1.2,0,0.0,12626.17
POL100975,46.0,Male,10.4,13167.0,Sedan,1.2,0,0.0,12202.41
POL100976,55.0,Male,11.5,18588.0,Car,2.0,1,19492.0,12633.74
POL100977,62.0,Male,1.7,15934.0,Sedan,2.4,2,12967.74,9455.82
POL100978,52.0,Male,9.0,16787.0,Hatchback,1.6,0,0.0,13382.47
POL100979,67.0,Male,2.7,14986.0,Car,2.0,0,0.0,10452.94
POL100980,67.0,Male,3.2,12072.0,Car,1.3,0,0.0,11479.83
POL100981,29.0,Female,8.3,18433.0,Car,0.9,0,0.0,10582.26
POL100982,43.0,Female,5.4,10010.0,SUV,3.8,0,0.0,12018.31
POL100983,61.0,Male,11.2,18401.0,SUV,4.8,0,0.0,15538.38
POL100984,70.0,Male,4.9,12327.0,SUV,2.2,1,19567.51,12243.34
POL100985,66.0,Male,9.6,15308.0,Car,1.0,0,0.0,14735.1
POL100986,25.0,Male,7.9,9448.0,Sedan,1.4,0,0.0,11762.13
POL100987,61.0,Female,11.1,6499.0,Sedan,0.9,0,0.0,10510.51
POL100988,70.0,Male,6.9,17940.0,Car,2.9,1,7571.28,12409.56
POL100989,27.0,Female,6.7,24304.0,Sedan,1.0,1,16999.03,11728.36
POL100990,56.0,Male,2.8,25439.0,SUV,0.8,0,0.0,13432.63
POL100991,44.0,Female,4.4,26769.0,Car,4.9,1,6269.12,12007.5
POL100992,49.0,Male,5.1,17139.0,Car,1.9,0,0.0,9841.25
POL100993,69.0,Male,0.3,17313.0,Car,1.3,0,0.0,9955.42
POL100994,38.0,Female,4.9,9678.0,Hatchback,0.6,0,0.0,9435.1
POL100995,34.0,Male,3.1,17176.0,SUV,0.9,1,1553.94,10192.81
POL100996,31.0,Male,5.9,16842.0,Hatchback,4.3,1,16360.35,11733.89
POL100997,30.0,Female,5.0,11454.0,Car,2.9,0,0.0,10321.59
POL100998,70.0,Female,13.5,23924.0,Hatchback,1.6,0,0.0,18855.23
POL100999,33.0,Male,2.2,16566.0,Hatchback,4.1,0,0.0,11869.04
POL101000,32.0,Male,1.2,12823.0,SUV,3.2,0,0.0,10362.9
POL101001,46.0,Male,0.6,6642.0,SUV,3.8,0,0.0,8763.67
POL101002,65.0,Female,5.3,27566.0,Sedan,4.1,0,0.0,12009.9
POL101003,62.0,Female,8.5,18046.0,SUV,1.8,0,0.0,16286.05
POL101004,23.0,Male,7.4,17195.0,SUV,2.5,0,0.0,11941.12
POL101005,26.0,Male,7.3,11788.0,Car,4.4,0,0.0,10237.21
POL101006,61.0,Female,14.7,16383.0,Car,3.7,0,0.0,16325.98
POL101007,57.0,Female,11.5,15719.0,SUV,3.0,0,0.0,14330.38
POL101008,64.0,Male,11.9,15760.0,Car,1.7,0,0.0,12239.94
POL101009,29.0,Male,6.9,7965.0,Sedan,4.9,2,7403.73,9353.88
POL101010,33.0,Male,7.4,13644.0,Sedan,0.8,0,0.0,9150.01
POL101011,70.0,Female,11.5,15993.0,Sedan,1.1,0,0.0,13957.36
POL101012,69.0,Male,4.4,14580.0,SUV,4.6,0,0.0,11525.98
POL101013,54.0,Male,7.6,10656.0,Hatchback,1.8,0,0.0,11938.4
POL101014,39.0,Male,0.0,7204.0,Sedan,2.5,0,0.0,9103.82
POL101015,59.0,Male,0.5,20773.0,Car,2.7,0,0.0,10389.36
POL101016,28.0,Male,4.9,21600.0,Hatchback,3.3,1,19870.99,10326.1
POL101017,53.0,Female,9.4,17480.0,Car,2.6,0,0.0,12640.91
POL101018,41.0,Male,1.5,14636.0,Sedan,3.6,0,0.0,8894.63
POL101019,63.0,Male,8.5,12624.0,Hatchback,4.4,0,0.0,12566.76
POL101020,69.0,Male,7.8,9454.0,Car,0.7,0,0.0,12372.73
POL101021,42.0,Male,2.8,10871.0,Hatchback,2.4,0,0.0,10531.17
POL101022,26.0,Male,5.9,16107.0,SUV,3.3,1,11628.34,10920.09
POL101023,70.0,Female,10.4,15465.0,Hatchback,2.3,0,0.0,14123.76
POL101024,55.0,Male,12.4,13675.0,Sedan,1.5,0,0.0,13984.61
POL101025,34.0,Male,8.0,11083.0,SUV,3.5,0,0.0,11097.58
POL101026,27.0,Female,9.1,9511.0,Sedan,1.3,0,0.0,9640.51
POL101027,39.0,Male,0.0,15573.0,SUV,1.4,2,37418.4,11207.47
POL101028,55.0,Female,5.9,9417.0,Hatchback,2.4,0,0.0,9869.39
POL101029,36.0,Female,3.9,20849.0,SUV,3.2,0,0.0,11878.47
POL101030,28.0,Male,6.8,17729.0,Hatchback,1.9,0,0.0,12128.95
POL101031,39.0,Female,9.0,25275.0,Sedan,1.2,0,0.0,12384.49
POL101032,68.0,Female,2.2,17164.0,Sedan,2.3,0,0.0,10563.9
POL101033,36.0,Male,9.3,18228.0,SUV,3.0,2,9150.34,13534.67
POL101034,66.0,Male,2.4,16331.0,Car,1.8,0,0.0,10489.77
POL101035,41.0,Male,0.0,16173.0,Sedan,4.0,0,0.0,9890.58
POL101036,70.0,Male,9.2,18376.0,Hatchback,4.6,0,0.0,15364.69
POL101037,68.0,Male,11.5,14304.0,Car,1.7,1,18120.32,14739.45
POL101038,64.0,Female,10.7,24457.0,Sedan,4.2,2,29305.5,15508.14
POL101039,24.0,Male,4.1,17719.0,Hatchback,1.8,0,0.0,9384.5
POL101040,40.0,Male,7.8,16385.0,,3.1,1,22843.57,10772.32
POL101041,61.0,Male,1.1,4000.0,Hatchback,0.9,0,0.0,8285.09
POL101042,44.0,Male,6.5,7933.0,Car,4.6,0,0.0,9832.96
POL101043,51.0,Male,11.0,14641.0,Sedan,0.6,0,0.0,12088.52
POL101044,36.0,Male,13.1,15293.0,SUV,4.5,1,18131.38,15626.79
POL101045,52.0,Male,1.4,12501.0,Sedan,3.5,0,0.0,9379.7
POL101046,45.0,Female,5.4,19402.0,Hatchback,1.1,0,0.0,11589.87
POL101047,63.0,Female,6.5,13529.0,Sedan,2.2,3,13465.61,11039.12
POL101048,32.0,Female,7.3,14864.0,Hatchback,2.4,0,0.0,11514.08
POL101049,30.0,Female,9.1,9195.0,Hatchback,3.3,0,0.0,11643.88
POL101050,69.0,Male,3.2,10129.0,Sedan,0.5,0,0.0,11535.17
POL101051,46.0,Female,7.0,13387.0,SUV,1.4,0,0.0,12312.63
POL101052,41.0,Male,2.6,9247.0,SUV,4.5,0,0.0,9598.7
POL101053,27.0,Male,13.4,22678.0,Car,2.0,0,0.0,15337.2
POL101054,37.0,Female,0.0,9810.0,Hatchback,1.6,0,0.0,8551.39
POL101055,60.0,Female,0.0,12802.0,SUV,3.5,0,0.0,10710.63
POL101056,67.0,Female,1.3,17301.0,Hatchback,3.1,0,0.0,10091.28
POL101057,24.0,Female,4.2,14313.0,Hatchback,3.7,2,22136.8,9804.1
POL101058,38.0,Male,6.5,17660.0,Car,2.2,0,0.0,12037.84
POL101059,26.0,Male,7.8,14135.0,SUV,0.8,0,0.0,14881.47
POL101060,42.0,Male,6.1,14300.0,Car,1.1,0,0.0,11177.77
POL101061,23.0,Male,7.4,9285.0,Car,1.4,1,7895.21,9104.02
POL101062,52.0,Female,7.2,19390.0,Sedan,1.5,0,0.0,11978.35
POL101063,44.0,Female,0.0,20106.0,Sedan,3.5,0,0.0,10239.5
POL101064,57.0,Male,1.9,14227.0,Hatchback,2.6,0,0.0,9456.58
POL101065,26.0,Female,6.6,21349.0,SUV,4.5,0,0.0,14335.24
POL101066,42.0,Male,3.2,16397.0,Car,2.4,0,0.0,9594.71
POL101067,59.0,Male,4.5,17769.0,Hatchback,3.8,0,0.0,11030.64
POL101068,32.0,Female,5.8,10062.0,Hatchback,1.4,0,0.0,8491.52
POL101069,35.0,Female,8.6,4236.0,SUV,0.8,0,0.0,11738.23
POL101070,52.0,Male,9.6,18822.0,Hatchback,5.0,0,0.0,14825.99
POL101071,60.0,Female,9.4,28048.0,Car,1.1,1,35638.12,16385.54
POL101072,29.0,Male,5.4,12041.0,,3.8,0,0.0,9057.99
POL101073,40.0,Female,16.0,15348.0,Car,4.5,1,6613.56,15845.16
POL101074,51.0,Female,7.1,18382.0,Hatchback,4.6,2,31768.9,12093.43
POL101075,67.0,Male,5.8,21397.0,Hatchback,4.7,0,0.0,12381.96
POL101076,53.0,Male,4.5,15542.0,Sedan,4.7,0,0.0,12827.85
POL101077,47.0,Female,8.8,18564.0,Hatchback,4.0,0,0.0,14111.21
POL101078,52.0,Female,9.1,11840.0,Sedan,0.6,1,21593.52,14976.68
POL101079,26.0,Male,6.4,13485.0,SUV,1.4,0,0.0,12388.58
POL101080,38.0,Female,4.9,20306.0,Hatchback,4.3,0,0.0,10149.92
POL101081,49.0,Female,4.2,16307.0,Car,4.0,0,0.0,12940.95
POL101082,40.0,Male,9.3,4053.0,Hatchback,3.5,0,0.0,10265.08
POL101083,25.0,Male,13.4,14987.0,Sedan,3.7,0,0.0,12928.28
POL101084,34.0,Male,3.8,24271.0,Sedan,2.9,1,23585.88,13059.75
POL101085,22.0,Male,1.6,14605.0,Sedan,1.3,0,0.0,9341.7
POL101086,60.0,Female,3.1,16971.0,Hatchback,1.0,0,0.0,12162.82
POL101087,50.0,Male,9.0,4343.0,Sedan,4.9,0,0.0,10911.97
POL101088,56.0,Male,3.3,13228.0,SUV,4.2,0,0.0,12078.83
POL101089,48.0,Male,6.8,15568.0,Hatchback,0.7,0,0.0,11202.46
POL101090,55.0,Male,10.5,15667.0,SUV,3.4,0,0.0,12825.74
POL101091,50.0,Male,2.7,12638.0,Hatchback,4.2,2,4966.82,9341.8
POL101092,69.0,Male,5.7,13302.0,Sedan,1.7,0,0.0,11850.9
POL101093,37.0,Male,5.8,7375.0,Sedan,3.9,1,17443.42,8785.64
POL101094,65.0,Male,7.9,9903.0,Hatchback,0.8,0,0.0,12060.09
POL101095,25.0,Male,8.5,13032.0,Car,1.8,1,19409.46,11092.05
POL101096,42.0,Male,0.0,17505.0,Hatchback,5.0,0,0.0,10607.75
POL101097,69.0,Male,8.9,14896.0,Car,3.6,0,0.0,13081.4
POL101098,58.0,Female,4.2,18500.0,Hatchback,1.7,2,57944.78,12193.65
POL101099,46.0,Female,1.4,20713.0,SUV,1.5,0,0.0,10027.97
POL101100,53.0,Male,6.2,12490.0,Hatchback,0.6,0,0.0,10605.74
POL101101,58.0,Male,6.3,12435.0,Hatchback,2.9,1,10653.47,11804.08
POL101102,47.0,Male,9.5,22489.0,Sedan,4.7,0,0.0,13477.92
POL101103,61.0,Male,3.3,10055.0,SUV,3.5,0,0.0,11552.44
POL101104,28.0,Male,10.2,8526.0,Car,3.3,0,0.0,9951.41
POL101105,55.0,Female,7.7,11246.0,Sedan,2.2,1,15439.76,11107.89
POL101106,45.0,Male,4.2,7502.0,Hatchback,3.7,0,0.0,9007.38
POL101107,56.0,Male,6.8,8186.0,Hatchback,3.8,1,24811.5,11584.59
POL101108,31.0,Female,8.2,9207.0,Car,4.4,1,6058.67,9747.85
POL101109,22.0,Male,8.9,12759.0,Hatchback,4.9,0,0.0,9819.41
POL101110,61.0,Male,6.2,17798.0,Car,3.2,0,0.0,11512.77
POL101111,23.0,Male,6.4,14205.0,Sedan,0.9,0,0.0,10022.43
POL101112,57.0,Female,10.0,10983.0,Sedan,1.4,0,0.0,13150.19
POL101113,36.0,Male,7.6,24517.0,Hatchback,1.8,0,0.0,13387.26
POL101114,29.0,Female,2.8,13145.0,Hatchback,5.0,1,30099.59,9404.84
POL101115,45.0,Female,2.5,17259.0,Sedan,3.6,0,0.0,10849.79
POL101116,25.0,Female,7.5,17368.0,SUV,3.2,1,38968.61,12089.23
POL101117,57.0,Male,7.5,13454.0,SUV,1.6,0,0.0,12378.04
POL101118,26.0,Female,4.8,17290.0,SUV,2.6,0,0.0,10322.28
POL101119,58.0,Male,7.7,16087.0,Car,4.8,0,0.0,13588.27
POL101120,60.0,Male,8.0,12705.0,Sedan,2.0,0,0.0,12575.99
POL101121,42.0,Male,2.4,12076.0,Car,2.1,0,0.0,9681.76
POL101122,68.0,Female,12.3,14837.0,Sedan,2.0,1,18640.55,15457.21
POL101123,63.0,Male,4.4,5913.0,SUV,2.0,0,0.0,11750.03
POL101124,35.0,Female,7.4,,Hatchback,0.6,0,0.0,11169.37
POL101125,67.0,Male,0.8,15763.0,Car,4.0,2,29084.1,10153.79
POL101126,26.0,Male,1.0,16770.0,Sedan,4.0,1,30580.36,8506.57
POL101127,65.0,Male,2.9,16565.0,Sedan,4.8,2,11892.87,12364.95
POL101128,56.0,Female,0.8,13202.0,SUV,0.6,0,0.0,12276.28
POL101129,37.0,Female,2.9,22101.0,SUV,1.9,0,0.0,11898.12
POL101130,47.0,Male,6.0,10011.0,SUV,1.5,0,0.0,12488.48
POL101131,32.0,Female,4.5,10833.0,SUV,4.7,0,0.0,12084.72
POL101132,51.0,Female,7.7,14761.0,Sedan,2.5,0,0.0,12183.6
POL101133,24.0,Male,7.9,23194.0,Sedan,3.6,4,41179.65,11750.06
POL101134,46.0,Female,4.5,20420.0,Sedan,0.8,0,0.0,12598.04
POL101135,56.0,Female,2.5,20990.0,Sedan,2.4,0,0.0,11135.54
POL101136,61.0,Male,8.5,23347.0,SUV,0.7,0,0.0,17298.14
POL101137,22.0,Female,2.4,10784.0,SUV,4.8,2,11762.86,10512.93
POL101138,50.0,Male,6.7,4000.0,Hatchback,1.9,2,12681.67,10546.34
POL101139,62.0,Male,6.5,17997.0,Hatchback,5.0,0,0.0,12624.02
POL101140,61.0,Female,8.7,9777.0,SUV,1.3,0,0.0,12237.74
POL101141,67.0,Female,1.0,13633.0,SUV,1.4,0,0.0,11404.24
POL101142,53.0,Female,9.5,18670.0,Car,3.9,0,0.0,12489.2
POL101143,38.0,Male,9.1,9512.0,Sedan,1.3,0,0.0,9293.27
POL101144,55.0,Female,6.9,13303.0,SUV,2.5,0,0.0,11053.27
POL101145,32.0,Male,6.1,20118.0,Sedan,2.2,0,0.0,10750.15
POL101146,57.0,Female,8.8,20844.0,Sedan,4.5,1,11778.53,13256.6
POL101147,32.0,Male,0.0,19233.0,Car,4.9,1,7707.54,11670.33
POL101148,49.0,Female,10.1,21888.0,Hatchback,3.8,0,0.0,13710.11
POL101149,42.0,Female,4.8,12470.0,Car,3.7,0,0.0,10705.85
POL101150,38.0,Male,7.4,14019.0,Hatchback,1.6,1,9308.22,10871.2
POL101151,64.0,Male,0.4,19852.0,SUV,0.7,1,23819.15,10461.87
POL101152,40.0,Female,4.3,19733.0,Sedan,2.8,2,16347.58,11734.26
POL101153,52.0,Male,6.9,20132.0,SUV,0.6,1,13277.37,13447.85
POL101154,22.0,Male,0.0,20392.0,Hatchback,3.1,0,0.0,9977.17
POL101155,56.0,Male,10.7,25641.0,Sedan,2.6,0,0.0,16647.56
POL101156,22.0,Male,9.1,18353.0,Hatchback,1.5,0,0.0,12665.22
POL101157,49.0,Female,10.7,9715.0,Hatchback,3.2,0,0.0,11778.4
POL101158,44.0,Female,8.3,16947.0,Sedan,1.1,0,0.0,12142.06
POL101159,61.0,Male,7.4,12535.0,Car,2.1,0,0.0,11275.24
POL101160,61.0,Female,4.6,11097.0,Car,0.6,0,0.0,9957.25
POL101161,46.0,Male,6.7,21054.0,SUV,4.6,1,44730.97,13520.31
POL101162,56.0,Female,6.2,24030.0,Car,3.9,0,0.0,12356.94
POL101163,26.0,Male,11.4,17443.0,Car,3.6,1,21437.09,11549.06
POL101164,40.0,Female,2.4,17248.0,SUV,3.3,0,0.0,9423.17
POL101165,50.0,Female,6.0,13048.0,Car,4.4,1,18223.78,10553.17
POL101166,44.0,Male,5.9,12898.0,Car,1.1,0,0.0,9879.53
POL101167,36.0,Female,6.3,6547.0,Car,3.5,0,0.0,10089.89
POL101168,62.0,Male,3.7,18968.0,Hatchback,2.2,0,0.0,12085.99
POL101169,28.0,Male,7.9,12846.0,Hatchback,4.2,0,0.0,11494.19
POL101170,60.0,Male,7.7,18089.0,Hatchback,3.5,0,0.0,12295.5
POL101171,32.0,Male,2.2,17377.0,Sedan,1.8,0,0.0,8205.29
POL101172,51.0,Female,0.2,5114.0,SUV,3.5,0,0.0,8378.82
POL101173,48.0,Male,8.2,21260.0,Car,2.4,0,0.0,14530.05
POL101174,63.0,Male,2.4,16661.0,SUV,0.8,0,0.0,10511.19
POL101175,42.0,Male,7.1,17178.0,Car,1.1,0,0.0,9540.62
POL101176,69.0,Male,5.1,8069.0,Car,2.2,0,0.0,10844.22
POL101177,26.0,Male,6.7,15767.0,Sedan,4.4,2,8749.6,9631.11
POL101178,52.0,Male,2.4,11283.0,Car,1.3,0,0.0,9143.94
POL101179,29.0,Female,2.9,15230.0,SUV,3.6,1,12770.67,10264.71
POL101180,69.0,Female,8.5,25092.0,Car,3.2,0,0.0,14896.63
POL101181,58.0,Female,0.0,9758.0,Hatchback,4.1,0,0.0,8229.61
POL101182,24.0,Male,9.4,6830.0,Car,3.1,0,0.0,8555.17
POL101183,61.0,Male,8.1,14668.0,Sedan,3.8,0,0.0,10885.95
POL101184,59.0,Female,8.7,14904.0,Hatchback,0.5,0,0.0,10656.11
POL101185,33.0,Male,3.4,16729.0,Sedan,3.0,0,0.0,9945.77
POL101186,25.0,Male,3.7,22468.0,Sedan,2.0,1,22096.18,11508.52
POL101187,25.0,Male,3.2,11441.0,Car,4.0,0,0.0,9055.02
POL101188,32.0,Female,5.4,17266.0,SUV,3.4,1,18476.39,11651.38
POL101189,26.0,Male,10.0,9076.0,Sedan,2.5,1,5165.98,10212.81
POL101190,37.0,Female,9.2,8617.0,Hatchback,2.3,0,0.0,10000.38
POL101191,51.0,Male,8.6,16684.0,Sedan,4.2,0,0.0,12773.29
POL101192,26.0,Male,1.8,19037.0,Sedan,4.2,0,0.0,8869.93
POL101193,,Male,12.0,12937.0,Car,4.4,0,0.0,12712.68
POL101194,56.0,Male,1.2,9420.0,Hatchback,3.8,0,0.0,9237.29
POL101195,29.0,Male,8.6,8453.0,Car,2.3,0,0.0,10140.49
POL101196,38.0,Female,7.5,12724.0,Sedan,1.3,1,23137.3,11336.3
POL101197,65.0,Male,1.7,14167.0,SUV,3.7,2,37769.55,12441.91
POL101198,29.0,Female,2.6,18105.0,SUV,1.7,0,0.0,9508.86
POL101199,21.0,Female,2.7,11314.0,Car,4.5,0,0.0,8840.44
POL101200,31.0,Male,2.2,8134.0,Sedan,0.8,1,12640.64,8147.73
POL101201,47.0,Female,6.9,9019.0,SUV,2.5,1,10494.66,12503.9
POL101202,22.0,Male,9.3,6518.0,Sedan,0.7,0,0.0,10332.52
POL101203,56.0,Male,2.6,11763.0,Car,2.4,0,0.0,10839.98
POL101204,69.0,Male,7.0,14500.0,Car,1.8,0,0.0,11979.47
POL101205,42.0,Male,4.0,20832.0,Car,4.5,2,42457.93,12223.81
POL101206,68.0,Female,15.4,21920.0,Car,1.6,1,69257.75,17986.99
POL101207,36.0,Female,10.4,20109.0,SUV,4.0,0,0.0,12895.94
POL101208,33.0,Male,9.0,12046.0,Car,1.6,1,12405.21,9641.93
POL101209,60.0,Female,8.7,13757.0,Car,3.3,0,0.0,12267.48
POL101210,55.0,Male,8.8,18267.0,SUV,3.4,0,0.0,13325.21
POL101211,24.0,Male,2.9,16560.0,Sedan,0.7,3,11440.5,9772.93
POL101212,23.0,Male,8.7,20830.0,Sedan,1.5,0,0.0,10613.06
POL101213,22.0,Male,0.1,10259.0,SUV,1.8,1,27996.03,9253.12
POL101214,38.0,Male,1.7,17848.0,SUV,0.9,0,0.0,10241.72
POL101215,48.0,Female,6.8,16464.0,SUV,3.2,0,0.0,13569.57
POL101216,54.0,Male,7.3,15267.0,Car,2.4,1,31828.98,11636.24
POL101217,23.0,Female,5.3,16474.0,Car,0.7,0,0.0,10591.26
POL101218,32.0,Male,9.4,8794.0,SUV,1.1,0,0.0,10926.89
POL101219,65.0,Female,4.1,17026.0,SUV,1.1,0,0.0,13024.26
POL101220,37.0,Female,10.6,13224.0,SUV,0.8,1,48907.73,11721.42
POL101221,21.0,Male,7.4,13639.0,Hatchback,1.0,0,0.0,9960.43
POL101222,27.0,Male,7.3,13682.0,Car,4.6,1,35882.91,10285.71
POL101223,62.0,Male,3.5,25015.0,SUV,3.5,3,12346.27,13351.9
POL101224,28.0,Female,1.7,17486.0,Car,1.6,0,0.0,9327.49
POL101225,56.0,Female,8.7,17422.0,Hatchback,2.8,1,26394.65,10634.59
POL101226,21.0,Female,4.4,23964.0,Sedan,0.6,0,0.0,11022.21
POL101227,51.0,Female,0.0,20979.0,Hatchback,3.5,0,0.0,10267.97
POL101228,37.0,Male,7.4,20921.0,Hatchback,4.8,0,0.0,12998.5
POL101229,45.0,Female,4.5,10511.0,SUV,2.3,0,0.0,9705.1
POL101230,42.0,Female,5.8,14520.0,Hatchback,2.5,0,0.0,11681.95
POL101231,69.0,Male,5.5,14610.0,Hatchback,4.6,4,19659.96,10298.17
POL101232,42.0,Female,0.0,19762.0,SUV,2.6,1,17408.04,11762.35
POL101233,70.0,Female,6.1,22588.0,Car,2.9,0,0.0,13985.97
POL101234,35.0,Male,9.2,18393.0,SUV,3.8,1,16729.02,13617.29
POL101235,55.0,Male,4.2,19206.0,Sedan,4.1,0,0.0,12956.84
POL101236,47.0,Male,9.6,20179.0,SUV,3.3,1,73943.34,12854.58
POL101237,48.0,Female,6.1,17563.0,Sedan,1.1,0,0.0,11221.3
POL101238,22.0,Female,6.9,8771.0,SUV,2.3,0,0.0,10841.32
POL101239,29.0,Female,7.4,18595.0,Sedan,3.6,0,0.0,12349.59
POL101240,41.0,Male,4.5,11661.0,Car,0.7,0,0.0,10273.31
POL101241,39.0,Female,13.8,11601.0,Hatchback,3.0,1,11206.32,12313.64
POL101242,51.0,Male,7.8,19034.0,Hatchback,0.6,0,0.0,12889.11
POL101243,21.0,Female,4.3,10789.0,SUV,4.6,0,0.0,10021.59
POL101244,59.0,Male,8.3,18400.0,SUV,1.1,0,0.0,12454.01
POL101245,25.0,Male,7.2,13326.0,Sedan,4.8,0,0.0,10957.08
POL101246,70.0,Male,6.3,14897.0,SUV,4.4,0,0.0,13772.8
POL101247,31.0,Female,6.3,13591.0,Car,0.9,0,0.0,9866.86
POL101248,42.0,Female,8.3,17414.0,Hatchback,2.7,0,0.0,11571.19
POL101249,40.0,Male,1.5,13812.0,Sedan,1.6,0,0.0,9421.34
POL101250,68.0,Female,3.5,13768.0,Sedan,4.9,0,0.0,9798.87
POL101251,66.0,Male,1.6,17067.0,Hatchback,0.9,0,0.0,10268.02
POL101252,66.0,Male,1.5,14190.0,Car,4.6,1,12106.25,11870.69
POL101253,60.0,Male,0.0,6618.0,SUV,1.4,0,0.0,9414.38
POL101254,27.0,Male,5.1,12152.0,Car,2.4,0,0.0,9514.28
POL101255,34.0,Female,4.4,10400.0,Hatchback,1.5,0,0.0,8718.32
POL101256,46.0,Male,2.2,17672.0,Sedan,2.9,0,0.0,10798.52
POL101257,49.0,Male,4.7,16989.0,Hatchback,4.0,0,0.0,10854.36
POL101258,32.0,Male,11.5,18127.0,SUV,0.7,0,0.0,14228.16
POL101259,59.0,Female,8.9,17995.0,Sedan,3.3,1,66032.52,12706.45
POL101260,60.0,Female,0.0,20402.0,SUV,4.2,1,32654.84,10112.53
POL101261,57.0,Male,5.0,15727.0,Hatchback,4.7,0,0.0,11059.1
POL101262,57.0,Male,10.1,18526.0,Sedan,4.4,1,18531.12,13424.28
POL101263,63.0,Male,6.2,16310.0,Sedan,3.4,0,0.0,11821.2
POL101264,69.0,Male,6.9,14459.0,SUV,1.4,0,0.0,14799.48
POL101265,43.0,Male,6.7,4847.0,SUV,3.0,1,35767.0,12732.8
POL101266,23.0,Male,2.5,15640.0,Hatchback,4.2,0,0.0,9880.66
POL101267,68.0,Male,8.2,17200.0,Hatchback,4.6,2,33252.83,12072.07
POL101268,42.0,Female,9.5,14472.0,SUV,3.6,0,0.0,14904.51
POL101269,46.0,Male,4.3,13834.0,Car,1.7,0,0.0,9710.4
POL101270,39.0,Male,6.8,15971.0,Hatchback,3.3,0,0.0,12861.01
POL101271,58.0,Female,4.0,7797.0,Car,1.0,0,0.0,10503.53
POL101272,53.0,Male,7.5,17564.0,Hatchback,1.9,0,0.0,12508.62
POL101273,28.0,Male,11.2,17078.0,SUV,4.5,1,29310.22,13494.32
POL101274,47.0,Female,10.2,27889.0,SUV,2.3,1,84737.41,16008.78
POL101275,55.0,Male,0.2,10579.0,SUV,3.1,0,0.0,11078.85
POL101276,49.0,Female,3.5,9080.0,Sedan,1.2,0,0.0,9548.22
POL101277,46.0,Female,4.3,28665.0,Car,4.1,0,0.0,13023.9
POL101278,28.0,Male,8.7,26728.0,Car,2.4,0,0.0,14169.93
POL101279,37.0,Male,5.8,16054.0,Sedan,2.3,0,0.0,11179.49
POL101280,68.0,Male,6.1,13570.0,Sedan,2.6,0,0.0,13076.4
POL101281,57.0,Male,2.2,6800.0,Car,1.6,0,0.0,8661.12
POL101282,37.0,Female,10.9,13160.0,Sedan,2.6,0,0.0,10960.49
POL101283,40.0,Male,7.6,16368.0,Car,3.6,0,0.0,13162.46
POL101284,40.0,Male,-0.0,17857.0,Hatchback,4.5,0,0.0,9274.5
POL101285,32.0,Female,10.5,24115.0,SUV,1.5,1,12016.51,15566.5
POL101286,32.0,Female,2.5,15840.0,Hatchback,3.5,0,0.0,9838.88
POL101287,30.0,Male,7.3,21189.0,Sedan,2.2,1,10766.72,11395.25
POL101288,36.0,Female,3.7,12202.0,Sedan,2.6,0,0.0,8718.71
POL101289,31.0,Male,4.8,22645.0,Car,4.2,1,3088.23,12691.62
POL101290,39.0,Female,11.5,9925.0,Hatchback,2.2,1,28946.47,10894.69
POL101291,45.0,Male,5.5,18460.0,Sedan,4.3,1,24185.49,12516.94
POL101292,34.0,Male,5.6,12651.0,Hatchback,1.3,0,0.0,9514.82
POL101293,66.0,Female,5.9,17094.0,Hatchback,1.0,0,0.0,11921.29
POL101294,43.0,Female,7.1,18642.0,Car,0.8,0,0.0,10883.97
POL101295,51.0,Male,10.1,16332.0,Car,3.3,0,0.0,12350.19
POL101296,62.0,Female,9.4,4906.0,SUV,0.9,1,8155.3,12673.86
POL101297,32.0,Male,7.6,21283.0,Sedan,2.5,1,30318.61,11077.61
POL101298,63.0,Male,10.1,19487.0,Hatchback,1.6,0,0.0,13512.02
POL101299,69.0,Male,6.6,18193.0,Hatchback,2.1,0,0.0,13089.69
POL101300,51.0,Male,9.1,13343.0,Hatchback,0.8,1,49573.18,12917.46
POL101301,53.0,Male,9.1,9724.0,SUV,4.0,0,0.0,12295.55
POL101302,48.0,Female,7.5,13558.0,Sedan,4.4,2,5999.26,10249.95
POL101303,38.0,Male,7.0,7136.0,Hatchback,3.3,0,0.0,10279.84
POL101304,51.0,Female,8.7,9792.0,Sedan,4.3,0,0.0,12818.78
POL101305,41.0,Female,5.8,19676.0,Car,3.7,0,0.0,10841.25
POL101306,46.0,Male,12.4,4000.0,Sedan,3.8,1,10120.48,11683.76
POL101307,28.0,Male,7.4,17820.0,SUV,4.4,0,0.0,13557.22
POL101308,24.0,Male,9.1,9180.0,Car,1.1,0,0.0,9796.36
POL101309,42.0,Female,1.5,18438.0,Sedan,2.4,0,0.0,9529.58
POL101310,26.0,Male,8.7,13042.0,Car,0.7,1,30097.51,10273.33
POL101311,62.0,Female,8.2,16111.0,SUV,4.4,0,0.0,15305.52
POL101312,44.0,Male,8.0,8330.0,Car,3.8,2,14572.03,10285.91
POL101313,70.0,Female,12.7,14032.0,Sedan,1.4,0,0.0,15033.96
POL101314,24.0,Male,7.6,20633.0,Car,4.1,0,0.0,12319.29
POL101315,24.0,Male,8.2,16322.0,SUV,2.7,0,0.0,12447.62
POL101316,27.0,Female,7.6,10307.0,Car,2.4,1,16419.28,9936.27
POL101317,37.0,Male,9.3,19268.0,Sedan,4.2,0,0.0,11705.55
POL101318,52.0,Male,3.0,10518.0,Sedan,0.7,0,0.0,11951.52
POL101319,39.0,Male,1.1,20915.0,Sedan,2.5,0,0.0,10852.5
POL101320,68.0,Female,6.7,13433.0,SUV,4.4,0,0.0,11347.34
POL101321,70.0,Male,10.3,16736.0,Sedan,4.0,1,70496.7,13724.36
POL101322,22.0,Female,2.1,10862.0,Car,4.5,0,0.0,8298.46
POL101323,53.0,Male,7.5,19652.0,SUV,1.5,0,0.0,13796.14
POL101324,51.0,Male,6.0,21193.0,Hatchback,3.2,0,0.0,14319.56
POL101325,63.0,Female,0.0,15855.0,Car,1.2,0,0.0,8637.75
POL101326,43.0,Male,6.9,14691.0,Hatchback,3.7,0,0.0,12237.19
POL101327,25.0,Female,3.7,4000.0,Sedan,2.7,0,0.0,8641.01
POL101328,22.0,Male,0.8,24885.0,Car,1.9,0,0.0,11390.47
POL101329,29.0,Female,12.7,13230.0,Sedan,2.8,1,42422.23,12574.6
POL101330,60.0,Male,5.2,14642.0,SUV,0.8,1,16780.21,11192.06
POL101331,25.0,Male,9.7,28565.0,Sedan,4.4,0,0.0,13659.65
POL101332,56.0,Male,3.8,16095.0,SUV,2.8,0,0.0,10620.47
POL101333,27.0,Female,10.0,7720.0,Car,4.9,1,33373.09,12600.71
POL101334,67.0,Male,5.8,14486.0,Hatchback,3.6,1,16000.1,11853.34
POL101335,26.0,Male,7.4,19154.0,SUV,0.7,0,0.0,11695.02
POL101336,54.0,Female,8.5,11731.0,SUV,1.7,1,13789.75,12693.51
POL101337,21.0,Male,4.8,12045.0,Sedan,1.3,0,0.0,10179.65
POL101338,56.0,Male,2.7,8150.0,SUV,4.4,0,0.0,11091.36
POL101339,24.0,Male,7.3,5118.0,Car,1.5,0,0.0,10329.94
POL101340,39.0,Female,3.6,13573.0,Hatchback,4.5,1,1369.63,10053.89
POL101341,63.0,Male,4.5,6329.0,Hatchback,4.6,1,2305.53,10091.86
POL101342,49.0,Male,8.1,26429.0,Sedan,1.6,1,1857.34,12131.51
POL101343,38.0,Female,6.5,8050.0,Car,1.8,0,0.0,9120.02
POL101344,52.0,Female,4.1,12962.0,Car,1.2,0,0.0,10030.36
POL101345,51.0,Male,3.3,16172.0,SUV,1.6,0,0.0,13137.48
POL101346,26.0,Female,6.0,16398.0,Car,2.0,0,,9636.33
POL101347,44.0,Male,16.0,10701.0,SUV,3.2,0,0.0,15806.21
POL101348,30.0,Female,1.7,16345.0,Sedan,4.6,0,0.0,10238.76
POL101349,44.0,Male,5.3,18826.0,Hatchback,4.5,0,0.0,12296.89
POL101350,32.0,Female,4.8,9359.0,Car,4.9,0,0.0,9196.07
POL101351,33.0,Female,6.7,22742.0,SUV,2.5,3,18184.37,12434.16
POL101352,51.0,Male,7.5,14385.0,SUV,3.1,0,0.0,12308.35
POL101353,44.0,Female,5.3,8972.0,SUV,0.9,0,0.0,10830.06
POL101354,48.0,Male,5.0,9078.0,SUV,2.7,0,0.0,11220.3
POL101355,27.0,Male,10.8,8534.0,SUV,3.1,0,0.0,12918.13
POL101356,37.0,Male,5.4,22347.0,SUV,2.0,2,18981.93,12843.34
POL101357,37.0,Female,7.3,21490.0,SUV,3.4,0,0.0,15299.02
POL101358,60.0,Female,0.0,17785.0,SUV,2.0,0,0.0,11325.3
POL101359,39.0,Male,1.3,11239.0,Car,4.3,1,17897.3,8700.95
POL101360,55.0,Male,6.8,26522.0,Car,0.7,0,0.0,12389.52
POL101361,63.0,Male,3.3,9585.0,SUV,0.6,0,0.0,13240.73
POL101362,27.0,Female,5.4,11195.0,SUV,3.2,0,0.0,11600.07
POL101363,25.0,Male,9.0,18083.0,Car,3.4,1,19915.21,11633.32
POL101364,60.0,Male,8.3,22689.0,Car,2.9,0,0.0,15568.26
POL101365,36.0,Female,6.2,4000.0,SUV,3.6,1,8512.69,11555.65
POL101366,36.0,Male,0.0,17281.0,Car,1.5,1,54243.2,9393.15
POL101367,70.0,Male,9.6,10974.0,Hatchback,1.8,0,0.0,13425.45
POL101368,44.0,Female,6.1,8735.0,Hatchback,2.3,0,0.0,10099.54
POL101369,51.0,Male,6.0,16973.0,Sedan,2.2,0,0.0,13314.09
POL101370,30.0,Male,7.2,12585.0,Car,0.8,2,29686.6,10482.7
POL101371,33.0,Male,5.4,15721.0,SUV,1.7,1,30269.78,10365.45
POL101372,41.0,Male,0.0,4000.0,SUV,4.4,0,0.0,9063.23
POL101373,22.0,Female,10.2,17163.0,Car,3.3,3,19478.25,11731.15
POL101374,32.0,Male,3.0,20909.0,Hatchback,1.8,0,0.0,10658.86
POL101375,70.0,Female,0.9,8354.0,Hatchback,4.0,0,0.0,9853.59
POL101376,57.0,Female,10.0,9977.0,Car,2.4,0,0.0,11760.94
POL101377,50.0,Male,6.2,18443.0,Hatchback,1.0,0,0.0,12001.87
POL101378,50.0,Male,7.8,21630.0,SUV,1.1,1,31831.24,14682.05
POL101379,37.0,Male,1.8,17969.0,Hatchback,0.9,0,0.0,9662.67
POL101380,65.0,Male,7.6,21637.0,Car,1.2,2,50181.49,13003.56
POL101381,44.0,Female,8.4,4000.0,Hatchback,2.2,1,4726.13,10369.83
POL101382,28.0,Male,13.6,9524.0,Hatchback,1.2,1,11587.83,11149.18
POL101383,23.0,Male,3.5,16770.0,Hatchback,2.3,0,0.0,9180.28
POL101384,49.0,Female,0.1,16810.0,SUV,4.4,0,0.0,11451.72
POL101385,27.0,Female,2.0,13756.0,Hatchback,4.8,0,0.0,7652.95
POL101386,44.0,Male,3.9,10100.0,Sedan,2.9,1,14994.58,9715.41
POL101387,63.0,Male,14.3,14127.0,SUV,4.0,0,0.0,15469.68
POL101388,44.0,Male,3.9,7748.0,SUV,3.3,0,0.0,10979.52
POL101389,51.0,Male,10.3,11135.0,SUV,0.6,0,0.0,10709.13
POL101390,58.0,Male,8.0,5355.0,Hatchback,2.8,1,4634.69,9859.6
POL101391,41.0,Female,2.7,6985.0,Car,2.8,0,0.0,9364.46
POL101392,41.0,Male,7.9,14967.0,Sedan,4.7,0,0.0,11541.3
POL101393,24.0,Female,5.0,19747.0,Car,4.6,1,12010.28,10851.01
POL101394,55.0,Female,2.8,11591.0,Hatchback,4.5,0,0.0,9885.18
POL101395,21.0,Male,12.1,13036.0,Hatchback,2.6,1,25953.54,11417.45
POL101396,34.0,Female,2.7,23728.0,SUV,4.4,1,28904.77,13291.78
POL101397,34.0,Male,6.1,6535.0,Sedan,2.8,0,0.0,9779.6
POL101398,27.0,Female,9.5,9568.0,Sedan,0.6,1,26111.55,9749.71
POL101399,58.0,Female,4.6,15092.0,Sedan,3.3,0,0.0,11419.62
POL101400,60.0,Male,8.8,13377.0,Sedan,0.6,0,0.0,12406.28
POL101401,27.0,Female,6.5,16880.0,SUV,3.9,1,75670.33,11594.36
POL101402,47.0,Male,3.2,13017.0,SUV,1.1,0,0.0,9745.59
POL101403,32.0,Female,12.8,22067.0,Car,1.5,0,0.0,12067.97
POL101404,33.0,Male,9.4,15581.0,Car,4.9,0,0.0,11533.69
POL101405,28.0,Male,11.7,20677.0,Hatchback,2.4,1,22639.37,13841.47
POL101406,43.0,Male,9.4,14805.0,Sedan,1.1,0,0.0,12025.66
POL101407,69.0,Male,6.7,9432.0,Hatchback,4.6,0,0.0,11841.24
POL101408,52.0,Male,5.4,18322.0,Hatchback,3.4,0,0.0,10206.16
POL101409,21.0,Male,0.8,17096.0,Hatchback,0.5,0,0.0,8957.86
POL101410,33.0,Male,4.7,12613.0,Car,0.6,0,0.0,10062.58
POL101411,36.0,Male,8.3,8413.0,SUV,0.8,0,0.0,11431.63
POL101412,30.0,Female,4.1,7209.0,Car,4.7,0,0.0,10003.9
POL101413,29.0,Female,4.4,12213.0,SUV,4.8,0,0.0,10711.5
POL101414,70.0,Male,8.1,12043.0,Hatchback,4.9,0,0.0,11032.93
POL101415,54.0,Male,8.0,14190.0,Hatchback,1.9,0,0.0,11058.03
POL101416,30.0,Male,0.9,14232.0,Hatchback,1.9,0,0.0,8341.46
POL101417,46.0,Male,2.7,13070.0,Car,4.3,0,0.0,9246.66
POL101418,37.0,Male,2.6,10018.0,SUV,3.8,0,0.0,10404.57
POL101419,37.0,Male,1.7,19773.0,Hatchback,2.1,0,0.0,10557.48
POL101420,40.0,Female,9.0,20307.0,SUV,1.2,0,0.0,13699.16
POL101421,67.0,Male,8.1,20285.0,Hatchback,5.0,1,8286.86,13252.8
POL101422,64.0,Male,10.1,18282.0,Hatchback,1.9,0,0.0,14925.19
POL101423,48.0,Female,3.1,16660.0,Sedan,3.4,2,31015.54,11029.43
POL101424,34.0,Male,3.5,30448.0,Hatchback,2.6,0,0.0,10646.41
POL101425,65.0,Male,1.1,18319.0,SUV,2.5,1,23572.46,11872.82
POL101426,32.0,Male,13.6,12220.0,Hatchback,0.8,0,0.0,14193.42
POL101427,22.0,Female,5.9,7591.0,Sedan,0.7,0,0.0,8923.32
POL101428,27.0,Male,1.8,19183.0,Hatchback,4.8,1,4818.88,10005.27
POL101429,47.0,Female,0.4,14465.0,SUV,4.8,0,0.0,12447.9
POL101430,59.0,Male,3.5,12190.0,Car,2.5,0,0.0,10670.09
POL101431,32.0,Female,3.6,16026.0,SUV,2.3,0,0.0,10808.97
POL101432,49.0,Male,7.3,10065.0,SUV,4.7,0,0.0,10606.59
POL101433,35.0,Male,10.6,11212.0,Sedan,0.5,0,0.0,12872.57
POL101434,25.0,Male,6.3,10225.0,Hatchback,3.8,1,16311.37,9188.14
POL101435,53.0,Male,7.0,12063.0,Hatchback,3.3,1,15415.44,13074.08
POL101436,43.0,Male,4.9,19147.0,Sedan,2.7,0,0.0,11739.36
POL101437,39.0,Male,10.4,9974.0,Sedan,4.5,0,0.0,12500.97
POL101438,70.0,Male,6.8,17231.0,Sedan,2.2,0,0.0,15402.52
POL101439,69.0,Female,5.1,13750.0,Car,3.4,0,0.0,12821.68
POL101440,67.0,Male,15.2,6861.0,Car,3.6,0,0.0,12845.49
POL101441,31.0,Female,3.3,21142.0,Car,3.7,0,0.0,9592.35
POL101442,49.0,Female,8.2,18743.0,Car,1.8,0,0.0,12372.03
POL101443,40.0,Male,3.2,10912.0,Sedan,4.0,1,9162.28,9503.91
POL101444,32.0,Female,6.0,16130.0,Hatchback,2.6,0,0.0,10354.49
POL101445,47.0,Male,3.0,9831.0,Sedan,1.5,0,0.0,11002.66
POL101446,50.0,Female,10.0,18955.0,Hatchback,3.5,0,0.0,13157.47
POL101447,62.0,Male,5.2,16047.0,SUV,0.5,0,0.0,13746.63
POL101448,46.0,Male,6.8,16997.0,SUV,2.3,0,0.0,12483.47
POL101449,50.0,Male,10.5,10263.0,Car,2.7,1,10654.02,11894.81
POL101450,69.0,Female,10.7,14565.0,Car,1.2,0,0.0,12768.71
POL101451,28.0,Female,7.6,12883.0,SUV,1.7,0,0.0,12232.13
POL101452,21.0,Female,2.6,13766.0,Hatchback,3.5,1,10576.81,8087.43
POL101453,29.0,Male,0.0,15185.0,Hatchback,1.2,0,0.0,8952.15
POL101454,36.0,Female,5.2,4381.0,Hatchback,1.7,0,0.0,8956.96
POL101455,35.0,Female,3.3,16080.0,SUV,1.9,0,0.0,10486.53
POL101456,41.0,Male,8.0,13603.0,Car,3.4,0,0.0,12005.93
POL101457,54.0,Male,0.8,11003.0,Hatchback,4.1,0,0.0,9445.45
POL101458,57.0,Female,8.4,23300.0,Hatchback,1.1,0,0.0,13463.57
POL101459,55.0,Female,0.0,23119.0,Car,2.9,0,0.0,11430.36
POL101460,58.0,Male,5.9,7564.0,Sedan,4.4,0,0.0,9684.69
POL101461,47.0,Male,10.5,10534.0,Car,1.6,3,76247.21,12519.64
POL101462,57.0,Female,5.8,18941.0,Car,2.0,1,24493.6,11695.69
POL101463,64.0,Female,5.8,11611.0,SUV,4.2,1,26182.15,12891.11
POL101464,49.0,Female,11.4,14219.0,Sedan,4.5,0,0.0,13493.26
POL101465,60.0,Female,0.0,13312.0,SUV,2.6,0,0.0,11837.4
POL101466,48.0,Male,6.4,16410.0,Car,2.0,0,0.0,11466.55
POL101467,38.0,Male,11.7,12638.0,Sedan,1.2,0,0.0,13095.97
POL101468,35.0,Female,3.0,15284.0,SUV,1.5,0,0.0,12116.29
POL101469,63.0,Male,7.0,13924.0,SUV,0.6,0,0.0,12207.9
POL101470,64.0,Male,7.9,12418.0,Car,1.6,0,0.0,11103.1
POL101471,30.0,Male,7.4,16023.0,Sedan,3.6,2,21065.8,11407.12
POL101472,42.0,Female,7.4,12636.0,Car,2.5,0,0.0,11393.67
POL101473,52.0,Male,11.5,8608.0,Hatchback,2.8,0,0.0,14154.7
POL101474,38.0,Female,0.7,14537.0,Sedan,2.5,0,0.0,8699.81
POL101475,46.0,Female,9.0,10068.0,Hatchback,3.8,0,0.0,11770.03
POL101476,60.0,Male,10.9,17677.0,Hatchback,3.4,1,16742.92,15370.27
POL101477,33.0,Female,10.5,14142.0,Car,2.3,2,44751.67,10010.68
POL101478,57.0,Male,5.8,13106.0,Sedan,3.3,0,0.0,11024.83
POL101479,41.0,Male,6.2,21314.0,SUV,2.8,1,75922.14,12970.74
POL101480,36.0,Female,3.8,15098.0,Car,3.9,0,0.0,10357.0
POL101481,23.0,Male,7.8,15242.0,Car,0.6,0,0.0,11588.7
POL101482,22.0,Female,6.1,21671.0,Sedan,0.6,0,0.0,10410.17
POL101483,30.0,Male,4.9,18791.0,Car,0.8,0,0.0,12160.66
POL101484,21.0,Female,3.3,17404.0,Sedan,2.8,0,0.0,10645.51
POL101485,47.0,Female,5.4,18692.0,Car,2.8,0,0.0,11070.65
POL101486,63.0,Male,13.9,14526.0,Sedan,0.7,0,0.0,15180.54
POL101487,22.0,Male,3.0,13891.0,SUV,1.6,0,0.0,10988.52
POL101488,28.0,Female,1.3,7884.0,Hatchback,0.5,0,0.0,9228.3
POL101489,64.0,Male,5.9,10835.0,Hatchback,4.5,0,0.0,10779.29
POL101490,51.0,Male,1.9,11783.0,Hatchback,5.0,1,51279.8,8868.84
POL101491,59.0,Male,0.0,20085.0,SUV,0.5,0,0.0,10994.67
POL101492,50.0,Female,4.2,10974.0,Hatchback,1.9,0,0.0,9719.43
POL101493,68.0,Male,2.7,16147.0,Car,2.4,0,0.0,11055.36
POL101494,32.0,Male,5.5,16837.0,Car,4.8,0,0.0,10006.03
POL101495,63.0,Male,5.2,16761.0,Hatchback,2.3,0,0.0,11947.49
POL101496,43.0,Female,8.1,20025.0,Hatchback,2.9,0,0.0,13205.01
POL101497,22.0,Female,0.9,8629.0,Hatchback,1.7,1,6712.75,8654.72
POL101498,41.0,Female,4.5,22512.0,Sedan,3.8,0,0.0,14200.22
POL101499,41.0,Male,4.1,9630.0,Hatchback,4.3,0,0.0,9640.82
POL101500,46.0,Male,4.4,13814.0,Sedan,3.4,0,,9625.68
POL101501,29.0,Female,11.0,17617.0,SUV,3.8,0,0.0,12653.14
POL101502,63.0,Male,11.3,13463.0,Car,2.6,0,0.0,13582.71
POL101503,36.0,Male,6.3,9402.0,Car,2.8,0,0.0,9616.57
POL101504,66.0,Male,7.2,4000.0,SUV,3.6,0,0.0,10534.03
POL101505,70.0,Male,8.1,13946.0,Sedan,2.2,0,0.0,13029.24
POL101506,25.0,Female,8.5,22351.0,Car,1.0,1,23691.66,11223.37
POL101507,57.0,Female,8.9,21319.0,Hatchback,3.2,2,,13127.97
POL101508,42.0,Female,1.9,4142.0,Car,1.4,0,0.0,9485.69
POL101509,46.0,Male,7.8,16526.0,Hatchback,1.2,0,0.0,10964.48
POL101510,35.0,Female,9.1,16777.0,SUV,3.2,0,0.0,11882.2
POL101511,41.0,Female,0.6,9300.0,Sedan,1.8,0,0.0,7697.33
POL101512,60.0,Male,5.5,9521.0,Car,2.7,0,0.0,10285.14
POL101513,50.0,Male,0.0,11690.0,SUV,4.3,0,0.0,9302.04
POL101514,38.0,Male,0.0,10425.0,Sedan,3.5,0,0.0,7802.17
POL101515,56.0,Male,4.6,12309.0,Car,4.9,0,0.0,10084.51
POL101516,45.0,Female,8.9,10490.0,Hatchback,1.4,1,29869.88,10483.3
POL101517,56.0,Female,10.1,19331.0,Hatchback,0.9,1,23205.97,12321.82
POL101518,56.0,Female,6.5,11440.0,Car,4.0,0,0.0,13455.38
POL101519,64.0,Female,1.8,11912.0,Sedan,3.6,0,0.0,11948.65
POL101520,52.0,Female,9.0,5136.0,Hatchback,0.9,0,0.0,10407.36
POL101521,58.0,Female,3.7,14147.0,Sedan,2.7,0,0.0,10260.28
POL101522,58.0,Female,5.7,11462.0,Car,4.9,0,0.0,10896.09
POL101523,61.0,Female,5.4,6922.0,Car,1.4,0,0.0,9480.39
POL101524,42.0,Female,10.2,,SUV,1.6,0,0.0,11681.55
POL101525,34.0,Male,11.0,14069.0,SUV,0.9,1,15573.35,12752.47
POL101526,48.0,Male,7.8,16962.0,SUV,0.7,0,0.0,12850.4
POL101527,43.0,Female,9.2,22827.0,Car,3.5,1,37549.99,14343.55
POL101528,34.0,Female,5.8,28296.0,Hatchback,0.6,0,0.0,12142.09
POL101529,32.0,Male,2.1,13850.0,Hatchback,4.4,0,0.0,9462.71
POL101530,59.0,Female,5.5,8164.0,Car,3.9,1,33266.42,9954.65
POL101531,50.0,Male,9.9,15120.0,Hatchback,5.0,0,0.0,14738.07
POL101532,64.0,Male,5.4,10845.0,Sedan,4.4,1,13048.41,13394.66
POL101533,47.0,Female,4.3,14951.0,Car,1.2,0,0.0,11596.6
POL101534,36.0,Female,4.8,18897.0,SUV,3.2,0,0.0,12838.45
POL101535,63.0,Male,2.5,15637.0,Sedan,3.5,0,0.0,9255.15
POL101536,45.0,Male,8.9,16164.0,SUV,1.7,0,0.0,13926.64
POL101537,21.0,Female,11.3,14571.0,Car,3.5,0,0.0,13353.86
POL101538,26.0,Male,3.1,10343.0,Hatchback,2.2,0,0.0,7579.04
POL101539,47.0,Female,7.9,9517.0,Hatchback,3.2,0,0.0,11459.41
POL101540,26.0,Male,1.0,8831.0,Hatchback,3.8,2,40956.06,10273.28
POL101541,61.0,Male,9.3,18129.0,Sedan,3.1,1,21583.12,13299.1
POL101542,28.0,Female,5.4,13165.0,Sedan,1.6,0,0.0,10053.53
POL101543,44.0,Male,3.0,17916.0,SUV,4.3,0,0.0,14486.42
POL101544,52.0,Male,3.9,12380.0,Sedan,1.4,1,17663.0,11612.66
POL101545,22.0,Male,4.8,13359.0,Car,2.6,1,15864.43,7755.15
POL101546,60.0,Male,7.1,16546.0,,1.4,0,0.0,12484.12
POL101547,25.0,Female,2.4,14627.0,Sedan,2.9,1,13160.78,10217.39
POL101548,27.0,Male,4.2,9466.0,Sedan,2.2,0,0.0,7960.06
POL101549,23.0,Female,1.9,9942.0,Car,3.5,0,0.0,7856.56
POL101550,70.0,Female,8.9,16170.0,SUV,4.2,0,0.0,13825.4
POL101551,42.0,Male,7.0,4442.0,Sedan,1.7,0,0.0,9080.82
POL101552,38.0,Male,7.9,18863.0,Hatchback,1.6,0,0.0,11066.31
POL101553,32.0,Female,4.4,16442.0,SUV,3.2,0,0.0,11116.23
POL101554,65.0,Female,12.2,15156.0,Sedan,3.2,0,0.0,12686.55
POL101555,51.0,Male,3.5,19206.0,Car,2.5,0,0.0,8565.86
POL101556,70.0,Male,2.8,14214.0,Sedan,3.8,0,0.0,11234.54
POL101557,70.0,Male,8.4,19994.0,Hatchback,4.3,0,0.0,14817.96
POL101558,63.0,Male,1.7,18266.0,Car,4.6,0,0.0,10870.54
POL101559,59.0,Male,9.7,13430.0,Sedan,2.8,1,21977.2,12962.92
POL101560,40.0,Male,7.2,10776.0,Sedan,4.7,0,0.0,11987.21
POL101561,37.0,Male,7.3,15881.0,Hatchback,2.0,1,19122.25,11708.43
POL101562,22.0,Female,9.7,13865.0,SUV,0.6,0,0.0,12182.87
POL101563,60.0,Female,10.2,12108.0,Hatchback,4.3,0,0.0,14285.05
POL101564,46.0,Male,6.8,14643.0,SUV,3.4,0,0.0,13847.22
POL101565,64.0,Male,7.1,11244.0,SUV,3.2,0,0.0,12679.77
POL101566,45.0,Female,3.8,24486.0,Car,4.9,1,4995.25,12701.85
POL101567,21.0,Female,0.0,14252.0,SUV,1.1,0,0.0,9843.23
POL101568,21.0,Male,4.5,21711.0,Hatchback,3.1,0,0.0,13411.34
POL101569,61.0,Male,0.0,18508.0,Hatchback,0.5,1,5534.46,12036.22
POL101570,64.0,Male,5.2,24140.0,SUV,4.7,0,0.0,15173.03
POL101571,38.0,Male,10.6,16515.0,Car,1.4,0,0.0,13430.97
POL101572,28.0,Male,5.4,9209.0,Car,3.3,2,17879.02,8176.42
POL101573,23.0,Male,7.8,16936.0,SUV,1.2,2,6529.24,12305.03
POL101574,52.0,Male,4.9,20695.0,SUV,1.6,0,0.0,13219.17
POL101575,62.0,Male,6.8,7913.0,Car,2.7,1,21566.88,11353.53
POL101576,34.0,Male,5.4,16904.0,Sedan,2.7,0,0.0,10307.72
POL101577,30.0,Male,9.8,24361.0,Hatchback,1.7,2,79912.02,13270.93
POL101578,41.0,Male,6.3,18900.0,Car,3.1,0,0.0,11993.68
POL101579,60.0,Male,0.0,22787.0,Hatchback,1.3,0,0.0,10520.37
POL101580,44.0,Female,2.8,14181.0,Car,2.5,0,0.0,9820.5
POL101581,46.0,Male,4.9,10017.0,Car,2.8,0,0.0,9775.92
POL101582,50.0,Male,2.5,16360.0,Hatchback,1.8,0,0.0,11387.04
POL101583,47.0,Male,6.5,,Car,5.0,0,0.0,12756.13
POL101584,46.0,Male,4.4,19675.0,Car,3.9,0,0.0,13629.21
POL101585,24.0,Male,0.0,15408.0,Sedan,4.3,2,29948.3,8870.67
POL101586,39.0,Female,8.4,11728.0,SUV,2.1,0,0.0,14285.43
POL101587,50.0,Male,5.0,17345.0,Hatchback,3.8,0,0.0,10584.6
POL101588,23.0,Male,3.6,19134.0,Car,3.7,0,0.0,9060.66
POL101589,61.0,Female,6.2,4818.0,Car,3.1,0,0.0,10260.22
POL101590,27.0,Male,5.5,7484.0,Car,3.5,0,0.0,9616.75
POL101591,21.0,Female,1.9,18408.0,Car,3.5,1,6751.46,8465.98
POL101592,52.0,Male,5.1,21075.0,Sedan,4.3,0,0.0,11790.75
POL101593,53.0,Male,1.7,11283.0,Sedan,1.6,0,0.0,9752.57
POL101594,51.0,Female,13.0,4601.0,Car,3.3,0,0.0,11324.94
POL101595,49.0,Female,5.7,5383.0,Hatchback,1.7,0,0.0,9643.96
POL101596,,Female,7.0,14910.0,SUV,2.0,0,0.0,13173.73
POL101597,39.0,Female,9.8,10076.0,Hatchback,3.8,1,9656.78,12483.51
POL101598,25.0,Male,11.1,20529.0,Sedan,2.3,0,0.0,13751.58
POL101599,57.0,Female,4.8,13198.0,Sedan,1.5,0,0.0,11363.43
POL101600,33.0,Male,11.2,11070.0,Hatchback,1.4,0,0.0,10055.42
POL101601,25.0,Male,0.0,11842.0,Hatchback,4.6,0,0.0,8495.75
POL101602,32.0,Male,10.0,8385.0,SUV,0.6,0,0.0,13259.17
POL101603,65.0,Male,12.7,13636.0,Sedan,4.5,0,0.0,14320.09
POL101604,61.0,Female,7.6,16149.0,Sedan,1.0,0,0.0,13003.54
POL101605,26.0,Male,7.8,5526.0,Hatchback,2.4,0,0.0,8950.44
POL101606,58.0,Male,7.9,18093.0,SUV,1.1,2,38617.92,12919.43
POL101607,48.0,Male,2.7,17143.0,SUV,0.7,0,0.0,11169.25
POL101608,58.0,Female,4.1,12223.0,Car,4.1,0,0.0,12129.44
POL101609,56.0,Male,5.5,5612.0,SUV,2.3,1,41224.65,11236.56
POL101610,69.0,Male,10.3,13547.0,Car,3.8,0,0.0,15352.19
POL101611,51.0,Male,9.0,13031.0,Hatchback,2.9,0,0.0,11182.13
POL101612,66.0,Male,8.9,13016.0,Hatchback,4.1,0,0.0,10888.5
POL101613,59.0,Male,8.1,15461.0,Car,1.9,0,0.0,12206.18
POL101614,53.0,Female,6.9,20630.0,Hatchback,0.7,1,27981.5,11931.17
POL101615,39.0,Female,6.4,7962.0,Sedan,1.6,0,0.0,10934.06
POL101616,46.0,Female,4.1,8082.0,Car,0.6,0,0.0,10994.07
POL101617,66.0,Female,3.9,17988.0,Hatchback,0.7,0,0.0,13286.91
POL101618,61.0,Female,7.6,18650.0,SUV,3.5,0,0.0,14878.83
POL101619,45.0,Male,11.4,13881.0,Hatchback,0.7,0,0.0,13405.18
POL101620,48.0,Male,5.9,11607.0,SUV,1.1,0,0.0,12541.92
POL101621,51.0,Male,10.7,19468.0,Car,2.2,0,0.0,12923.6
POL101622,59.0,Male,7.4,15442.0,Sedan,3.2,0,0.0,12424.11
POL101623,32.0,Male,2.4,11921.0,Car,2.4,0,0.0,9296.82
POL101624,30.0,Female,4.8,10985.0,Hatchback,2.3,0,0.0,9180.82
POL101625,57.0,Male,9.3,14489.0,Car,1.4,0,0.0,12241.11
POL101626,46.0,Female,5.9,18040.0,Sedan,4.5,0,0.0,11101.2
POL101627,48.0,Female,4.4,22891.0,SUV,4.8,4,23330.13,14179.37
POL101628,45.0,Male,6.8,16340.0,Car,4.1,2,12751.19,12493.55
POL101629,55.0,Male,5.8,14192.0,Hatchback,1.6,1,12870.32,12045.51
POL101630,45.0,Male,5.1,11109.0,SUV,4.0,0,0.0,11310.52
POL101631,54.0,Male,0.6,13791.0,SUV,4.2,0,0.0,11723.2
POL101632,46.0,Male,5.2,9700.0,Car,4.9,0,0.0,9960.52
POL101633,23.0,Female,4.6,20797.0,SUV,4.5,0,0.0,11836.13
POL101634,51.0,Female,7.7,10384.0,Hatchback,1.9,0,0.0,11024.12
POL101635,25.0,Female,7.4,14396.0,Sedan,4.9,1,8757.56,11948.37
POL101636,51.0,Male,5.7,17962.0,Car,2.9,0,0.0,11592.58
POL101637,24.0,Male,13.5,20207.0,Car,3.0,1,27504.55,13210.64
POL101638,68.0,Female,8.2,11582.0,Sedan,3.7,0,0.0,11386.73
POL101639,33.0,Male,7.7,24439.0,Sedan,4.6,0,0.0,12698.29
POL101640,31.0,Male,0.0,4000.0,Hatchback,1.0,1,5467.68,6754.98
POL101641,21.0,Female,0.0,8318.0,Hatchback,4.1,0,0.0,8379.48
POL101642,28.0,Female,9.0,11866.0,Car,2.2,1,24173.23,10349.89
POL101643,22.0,Female,1.7,18583.0,Car,3.5,0,0.0,7779.32
POL101644,57.0,Male,2.9,14495.0,Hatchback,5.0,0,0.0,9510.53
POL101645,27.0,Female,3.0,19166.0,SUV,2.7,0,0.0,10517.04
POL101646,33.0,Female,8.5,13124.0,Hatchback,4.3,0,0.0,10713.18
POL101647,65.0,Female,8.1,18441.0,Sedan,4.5,0,0.0,12847.98
POL101648,35.0,Male,7.3,18804.0,Sedan,1.6,1,15726.76,12314.4
POL101649,52.0,Male,7.7,18767.0,Hatchback,0.7,0,0.0,12343.43
POL101650,29.0,Female,2.2,19123.0,Sedan,1.0,0,0.0,9946.4
POL101651,40.0,Female,5.8,23152.0,Hatchback,4.4,1,10574.83,12594.05
POL101652,44.0,Male,13.9,10930.0,Hatchback,4.5,0,0.0,12163.24
POL101653,63.0,Male,3.0,16393.0,Car,3.8,0,0.0,11070.22
POL101654,41.0,Male,0.0,5273.0,,1.5,0,0.0,8917.01
POL101655,40.0,Male,2.1,9860.0,SUV,4.7,3,44359.15,11475.5
POL101656,69.0,Male,3.2,24672.0,Car,5.0,2,20155.03,13067.91
POL101657,39.0,Male,4.6,19432.0,SUV,2.2,2,21717.56,12859.24
POL101658,54.0,Male,7.0,18315.0,SUV,3.0,0,0.0,13955.75
POL101659,68.0,Male,7.2,16596.0,Hatchback,3.5,0,0.0,13638.54
POL101660,50.0,Male,5.2,14027.0,Hatchback,4.3,0,0.0,12177.02
POL101661,57.0,Male,6.3,11349.0,Car,4.8,1,4375.11,11342.33
POL101662,49.0,Female,5.1,17253.0,Sedan,1.3,0,0.0,10525.65
POL101663,57.0,Female,2.3,18102.0,Sedan,4.9,0,0.0,10847.77
POL101664,35.0,Female,6.4,4000.0,Sedan,2.1,0,0.0,8358.47
POL101665,49.0,Male,9.4,8816.0,Car,4.8,1,19919.61,9931.52
POL101666,65.0,Male,10.6,17143.0,Sedan,2.3,1,17614.64,13676.57
POL101667,30.0,Female,1.8,9724.0,Car,2.4,0,0.0,9073.08
POL101668,26.0,Female,7.7,13963.0,Sedan,3.3,0,0.0,10398.42
POL101669,40.0,Female,5.0,23721.0,Car,3.2,0,0.0,12557.12
POL101670,57.0,Male,4.4,21872.0,Hatchback,0.5,1,20636.62,14275.06
POL101671,61.0,Male,3.8,13679.0,Hatchback,0.6,0,0.0,11905.74
POL101672,27.0,Male,8.0,10332.0,SUV,3.4,1,26586.29,10851.44
POL101673,53.0,Female,2.8,20247.0,Sedan,3.7,0,0.0,10710.97
POL101674,45.0,Male,0.0,23819.0,SUV,1.4,0,0.0,11732.82
POL101675,49.0,Male,3.7,11269.0,SUV,4.3,1,27569.19,9412.8
POL101676,31.0,Male,10.3,18994.0,Car,3.4,2,12963.95,12556.37
POL101677,30.0,Male,4.6,11761.0,SUV,2.7,1,39912.03,10648.78
POL101678,48.0,Male,6.5,11329.0,SUV,3.7,3,15880.6,13534.36
POL101679,49.0,Male,4.9,17495.0,Car,3.9,1,6420.28,11063.87
POL101680,30.0,Male,9.8,17353.0,Sedan,3.8,1,34396.72,11906.99
POL101681,31.0,Male,7.6,14980.0,Car,3.4,0,,11430.57
POL101682,46.0,Male,14.5,11217.0,Car,4.9,1,10105.35,13880.14
POL101683,51.0,Female,8.4,4575.0,Sedan,3.1,0,0.0,10880.06
POL101684,22.0,Female,1.1,29649.0,SUV,0.8,2,11034.94,11104.46
POL101685,56.0,Male,5.9,15257.0,Sedan,2.1,1,20140.8,10974.54
POL101686,33.0,Male,11.3,18693.0,Car,0.9,0,0.0,13489.01
POL101687,59.0,Male,0.0,23259.0,SUV,3.3,0,0.0,12422.58
POL101688,57.0,Male,12.4,12141.0,SUV,2.0,2,16247.37,14415.08
POL101689,64.0,Male,5.6,13856.0,Car,1.2,0,0.0,10523.78
POL101690,46.0,Male,3.6,12575.0,Car,1.9,0,0.0,9716.25
POL101691,55.0,Female,3.0,4714.0,Sedan,4.8,0,0.0,10044.8
POL101692,45.0,Male,5.0,9543.0,Sedan,2.3,0,0.0,11831.36
POL101693,36.0,Male,5.9,16940.0,Car,1.6,0,0.0,12547.92
POL101694,52.0,Female,3.1,14097.0,SUV,0.5,0,0.0,10522.72
POL101695,54.0,Female,4.5,17477.0,SUV,0.7,0,0.0,13432.75
POL101696,47.0,Male,11.1,14155.0,Hatchback,1.2,1,15297.46,12433.17
POL101697,35.0,Male,2.8,19333.0,Hatchback,0.7,2,48972.5,9091.19
POL101698,34.0,Female,5.7,13124.0,Sedan,3.7,0,0.0,10796.72
POL101699,67.0,Female,8.6,15115.0,Sedan,2.1,1,72902.73,13057.12
POL101700,65.0,Female,11.5,21882.0,Hatchback,1.9,0,0.0,15591.86
POL101701,59.0,Female,4.8,14701.0,Sedan,3.6,0,0.0,10269.72
POL101702,36.0,Female,6.6,25669.0,SUV,1.1,0,0.0,12002.02
POL101703,44.0,Female,2.0,7700.0,Car,4.5,1,5105.91,8853.4
POL101704,21.0,Female,6.6,10674.0,Hatchback,0.6,0,0.0,9977.24
POL101705,49.0,Male,7.2,12824.0,Hatchback,3.6,1,12051.85,11983.86
POL101706,30.0,Female,6.8,14256.0,Car,4.0,0,0.0,10287.92
POL101707,70.0,Male,4.7,24141.0,Sedan,3.1,0,0.0,12482.62
POL101708,41.0,Female,6.7,20408.0,SUV,4.0,0,0.0,13031.44
POL101709,23.0,Female,0.1,16525.0,Car,1.2,0,0.0,8005.81
POL101710,21.0,Female,9.3,16471.0,Hatchback,4.2,0,0.0,11463.72
POL101711,55.0,Female,1.0,8555.0,Sedan,3.9,0,0.0,9449.48
POL101712,48.0,Male,2.1,16092.0,Car,1.7,0,0.0,9945.01
POL101713,55.0,Male,0.4,23760.0,Hatchback,4.3,0,0.0,11573.51
POL101714,68.0,Male,3.4,11473.0,Car,3.2,0,0.0,11291.62
POL101715,36.0,Female,6.4,11286.0,Sedan,1.7,1,28255.28,10607.86
POL101716,48.0,Female,9.9,15696.0,SUV,2.0,0,0.0,14731.39
POL101717,28.0,Male,11.9,20430.0,Hatchback,4.2,0,0.0,14261.54
POL101718,31.0,Female,10.8,23593.0,Car,2.0,0,0.0,13037.17
POL101719,36.0,Male,6.2,21874.0,SUV,3.1,0,0.0,13675.28
POL101720,24.0,Male,3.3,12871.0,Sedan,2.4,0,0.0,9857.56
POL101721,26.0,Female,4.6,26496.0,Car,4.4,1,7994.8,11588.21
POL101722,48.0,Female,5.6,9828.0,SUV,1.6,0,0.0,12558.84
POL101723,45.0,Male,7.6,11802.0,Car,2.5,0,0.0,11786.57
POL101724,55.0,Female,5.4,16777.0,SUV,2.1,1,19536.9,13796.55
POL101725,,Female,8.1,9681.0,Sedan,2.5,1,11401.86,10063.22
POL101726,53.0,Male,0.9,18222.0,Sedan,4.9,0,0.0,9373.09
POL101727,33.0,Male,4.8,24084.0,Sedan,4.6,2,46978.84,12334.98
POL101728,49.0,Male,4.0,15983.0,Car,1.3,1,4880.07,12137.7
POL101729,38.0,Male,4.3,4000.0,Hatchback,4.6,0,0.0,9368.82
POL101730,39.0,Female,6.1,14693.0,Car,5.0,0,0.0,10625.93
POL101731,45.0,Female,6.4,17555.0,Hatchback,3.8,1,17763.46,11868.93
POL101732,40.0,Male,6.9,15493.0,Car,1.8,1,14234.19,12571.34
POL101733,27.0,Male,5.5,13201.0,Sedan,4.2,2,27925.87,11855.96
POL101734,64.0,Male,8.1,15151.0,Hatchback,3.1,1,4482.59,13101.75
POL101735,40.0,Male,5.2,9064.0,Sedan,4.5,0,0.0,9381.67
POL101736,23.0,Male,2.2,15539.0,Car,3.6,0,0.0,9939.66
POL101737,53.0,Male,8.7,13828.0,SUV,1.2,0,0.0,14114.47
POL101738,35.0,Male,2.6,11992.0,Sedan,2.9,3,23829.22,9829.49
POL101739,60.0,Male,11.1,24850.0,Sedan,4.0,0,0.0,16806.7
POL101740,35.0,Male,1.9,12029.0,Sedan,2.5,0,0.0,9030.77
POL101741,63.0,Female,2.9,19946.0,Car,3.0,0,0.0,10508.07
POL101742,70.0,Male,7.7,18475.0,Hatchback,4.1,0,0.0,15178.2
POL101743,47.0,Male,8.1,21664.0,SUV,3.1,0,0.0,14297.56
POL101744,46.0,Male,5.7,4000.0,Sedan,1.7,0,,8474.04
POL101745,28.0,Female,7.2,14030.0,Hatchback,4.3,0,0.0,9932.43
POL101746,30.0,Female,10.4,8610.0,Sedan,2.9,2,15136.31,12592.41
POL101747,31.0,Female,10.6,15440.0,SUV,0.8,0,0.0,13046.47
POL101748,63.0,Male,1.3,15760.0,SUV,3.5,0,0.0,10482.01
POL101749,64.0,Female,10.0,12003.0,Sedan,3.5,0,0.0,14124.67
POL101750,39.0,Male,3.1,24719.0,Sedan,3.5,0,0.0,10966.01
POL101751,62.0,Male,7.7,19655.0,SUV,2.7,0,0.0,15154.05
POL101752,40.0,Male,12.0,12179.0,Sedan,2.2,1,22527.38,12349.54
POL101753,28.0,Male,5.7,27221.0,Car,4.6,0,0.0,13934.48
POL101754,37.0,Female,3.2,12252.0,Car,2.3,0,0.0,9845.77
POL101755,41.0,Male,4.6,12962.0,Sedan,3.6,0,0.0,12201.19
POL101756,28.0,Female,2.6,21245.0,Sedan,3.2,0,0.0,9751.24
POL101757,54.0,Male,8.0,11552.0,SUV,2.2,0,0.0,9417.21
POL101758,43.0,Male,4.4,15414.0,Sedan,1.6,0,0.0,9972.77
POL101759,58.0,Male,0.3,16072.0,Car,3.6,0,0.0,10114.81
POL101760,48.0,Female,3.7,22747.0,Hatchback,3.2,0,0.0,11421.49
POL101761,51.0,Female,3.7,8098.0,Car,0.9,0,0.0,9615.83
POL101762,43.0,Female,8.1,13392.0,Sedan,0.6,1,9732.76,10872.64
POL101763,50.0,Male,8.2,19709.0,SUV,2.4,0,0.0,15420.89
POL101764,40.0,Female,6.8,13553.0,Sedan,1.3,0,0.0,9111.92
POL101765,38.0,Female,7.8,14998.0,Car,3.9,0,0.0,10666.42
POL101766,32.0,Female,6.2,18479.0,SUV,2.7,0,0.0,14022.99
POL101767,63.0,Female,9.2,13588.0,Car,0.6,0,0.0,12470.05
POL101768,63.0,Female,2.6,12749.0,Car,4.7,0,0.0,10519.64
POL101769,62.0,Male,11.3,10061.0,SUV,4.7,0,0.0,13204.34
POL101770,64.0,Female,0.7,19114.0,SUV,2.6,1,16522.13,12288.08
POL101771,33.0,Female,1.8,18701.0,Hatchback,4.5,1,16641.06,10041.44
POL101772,49.0,Female,8.6,14017.0,Hatchback,2.9,0,0.0,13037.54
POL101773,69.0,Female,6.4,15264.0,Sedan,4.8,1,28823.11,12855.93
POL101774,56.0,Female,5.1,9226.0,Hatchback,2.7,0,0.0,9742.35
POL101775,28.0,Male,9.6,19416.0,Car,2.8,2,8305.51,12964.47
POL101776,66.0,Male,11.6,12255.0,Car,3.7,1,6501.14,13238.43
POL101777,49.0,Female,5.1,16086.0,Hatchback,1.7,1,11394.26,12155.15
POL101778,29.0,Female,9.1,17381.0,SUV,1.5,1,33929.68,14443.28
POL101779,29.0,Female,6.9,17941.0,Hatchback,2.3,0,0.0,9801.07
POL101780,27.0,Female,0.7,28280.0,SUV,3.2,1,6697.6,11930.51
POL101781,32.0,Male,6.5,17492.0,Hatchback,3.0,0,0.0,10338.33
POL101782,30.0,Male,9.3,7009.0,Hatchback,2.4,0,0.0,10064.25
POL101783,70.0,Male,4.3,16505.0,Hatchback,3.7,1,11354.61,10538.61
POL101784,50.0,Male,10.9,18561.0,SUV,1.2,0,0.0,15931.24
POL101785,55.0,Male,6.6,7380.0,Hatchback,3.1,0,0.0,9798.16
POL101786,24.0,Female,9.4,11912.0,Sedan,1.4,1,6193.51,11058.91
POL101787,56.0,Male,6.2,15700.0,SUV,4.9,0,0.0,11916.89
POL101788,57.0,Male,6.2,17865.0,Hatchback,3.0,0,0.0,10469.72
POL101789,21.0,Male,8.0,11137.0,Sedan,3.6,0,0.0,10099.46
POL101790,23.0,Female,1.1,15651.0,SUV,4.4,1,27721.84,11117.02
POL101791,46.0,Male,4.1,16309.0,Car,4.8,0,0.0,11801.63
POL101792,22.0,Male,9.7,19747.0,Car,3.9,0,0.0,12091.87
POL101793,39.0,Female,6.3,21849.0,Hatchback,3.2,2,10384.24,10777.96
POL101794,69.0,Male,4.4,15810.0,Sedan,4.9,0,0.0,11019.67
POL101795,68.0,Female,7.1,21815.0,Car,3.6,0,0.0,14009.81
POL101796,38.0,Female,12.5,12318.0,SUV,3.7,0,0.0,13126.31
POL101797,70.0,Female,0.0,12596.0,Sedan,3.7,1,20927.17,10039.92
POL101798,48.0,Male,6.1,14665.0,SUV,4.4,0,0.0,12370.66
POL101799,47.0,Female,4.7,9853.0,Sedan,4.3,0,0.0,9808.61
POL101800,45.0,Male,2.6,13995.0,Hatchback,3.6,2,31590.16,10911.73
POL101801,60.0,Male,12.7,16183.0,Car,1.7,0,0.0,12865.17
POL101802,53.0,Male,5.0,20531.0,Hatchback,2.8,0,0.0,11693.46
POL101803,,Male,9.7,16586.0,Car,2.1,0,0.0,13988.06
POL101804,68.0,Male,1.6,17947.0,Hatchback,2.8,0,0.0,10095.15
POL101805,35.0,Female,0.9,18248.0,Sedan,4.4,0,0.0,10908.15
POL101806,48.0,Female,0.0,7562.0,Sedan,2.4,0,0.0,8798.96
POL101807,25.0,Male,9.2,14555.0,SUV,1.6,0,0.0,12204.97
POL101808,37.0,Male,14.0,19573.0,Hatchback,1.6,3,10772.71,16213.94
POL101809,55.0,Male,9.5,18710.0,Car,2.5,1,17604.63,11238.09
POL101810,23.0,Male,4.8,19278.0,Car,3.8,0,0.0,9962.41
POL101811,47.0,Male,3.8,15665.0,Car,5.0,0,0.0,9935.71
POL101812,53.0,Female,6.5,17916.0,SUV,0.8,0,0.0,12811.69
POL101813,25.0,Male,7.0,13717.0,Sedan,0.5,1,53391.12,9020.19
POL101814,42.0,Female,0.4,4000.0,Car,3.3,2,13681.72,8804.55
POL101815,23.0,Male,11.8,19842.0,Hatchback,0.8,1,5725.6,13019.59
POL101816,68.0,Female,5.6,19437.0,Car,1.8,0,0.0,13176.41
POL101817,68.0,Female,9.2,10145.0,Car,2.0,0,0.0,13159.99
POL101818,50.0,Male,13.1,13547.0,Hatchback,3.7,0,0.0,13518.29
POL101819,26.0,Female,12.0,10583.0,Sedan,0.6,0,0.0,11394.11
POL101820,52.0,Female,2.5,21390.0,Car,4.9,0,0.0,11000.41
POL101821,59.0,Female,2.6,9975.0,SUV,1.7,0,0.0,12248.75
POL101822,53.0,Female,0.4,18838.0,SUV,3.8,0,0.0,10200.39
POL101823,60.0,Male,10.2,11052.0,Hatchback,2.9,0,0.0,12231.21
POL101824,48.0,Male,0.4,23814.0,Sedan,0.8,0,0.0,11000.04
POL101825,65.0,Female,7.8,18891.0,Sedan,2.1,1,73156.48,12719.73
POL101826,40.0,Male,3.5,16012.0,Sedan,1.2,0,0.0,9551.63
POL101827,70.0,Female,6.1,9084.0,Sedan,4.5,0,0.0,10611.21
POL101828,44.0,Female,3.4,21837.0,Sedan,1.8,0,0.0,10581.29
POL101829,70.0,Female,3.6,15264.0,SUV,3.6,0,0.0,12238.71
POL101830,55.0,Male,9.3,7659.0,Hatchback,2.2,0,0.0,12785.5
POL101831,40.0,Male,7.0,15548.0,,1.2,0,0.0,11977.24
POL101832,32.0,Male,5.4,19212.0,Sedan,2.9,0,0.0,11046.62
POL101833,65.0,Male,8.5,18563.0,Car,2.3,0,0.0,13040.54
POL101834,30.0,Female,1.7,18102.0,SUV,3.2,0,0.0,11778.22
POL101835,68.0,Male,7.3,17678.0,Car,1.8,0,0.0,11773.7
POL101836,65.0,Male,3.0,15930.0,Hatchback,4.6,0,0.0,13201.52
POL101837,52.0,Male,6.1,19751.0,SUV,4.0,0,0.0,12462.83
POL101838,55.0,Female,6.8,11728.0,Sedan,1.4,1,14413.65,11906.61
POL101839,49.0,Female,9.3,7356.0,Car,2.3,0,0.0,10501.39
POL101840,64.0,Male,3.3,14032.0,SUV,1.7,3,4208.07,10995.77
POL101841,28.0,Female,5.5,14845.0,SUV,4.4,1,43245.22,10520.04
POL101842,39.0,Female,0.3,9661.0,Hatchback,3.1,0,0.0,9150.41
POL101843,38.0,Male,6.0,13742.0,Hatchback,3.1,0,0.0,10869.18
POL101844,49.0,Male,10.0,5457.0,Hatchback,4.4,0,0.0,10697.72
POL101845,46.0,Female,13.5,12154.0,SUV,4.1,1,70616.56,12816.15
POL101846,51.0,Male,6.2,18954.0,Sedan,1.9,0,0.0,11770.36
POL101847,35.0,Male,1.5,9538.0,Hatchback,0.6,0,0.0,8426.47
POL101848,65.0,Male,9.5,12962.0,Hatchback,4.4,0,0.0,13572.88
POL101849,36.0,Male,5.4,18617.0,Hatchback,4.3,0,0.0,11230.02
POL101850,64.0,Male,7.4,22296.0,Hatchback,0.6,0,0.0,12950.06
POL101851,25.0,Male,8.5,17508.0,Sedan,1.3,0,0.0,12902.05
POL101852,34.0,Male,8.2,6329.0,Car,2.2,1,15605.29,11100.33
POL101853,56.0,Female,0.8,14179.0,SUV,4.5,0,0.0,12839.06
POL101854,69.0,Female,7.2,21328.0,SUV,2.3,0,0.0,12354.04
POL101855,33.0,Male,2.0,12246.0,Hatchback,2.6,1,30336.04,9959.39
POL101856,39.0,Male,8.8,17902.0,Hatchback,1.0,0,0.0,11679.3
POL101857,67.0,Male,11.9,16786.0,Sedan,2.1,1,66266.92,14622.09
POL101858,51.0,Male,7.8,6106.0,Car,2.3,0,0.0,11542.4
POL101859,53.0,Male,0.0,12003.0,Sedan,4.7,0,0.0,8981.88
POL101860,70.0,Male,9.0,10193.0,Hatchback,3.3,0,0.0,11092.18
POL101861,69.0,Male,4.7,14394.0,Car,0.8,0,0.0,10765.49
POL101862,41.0,Male,9.8,18287.0,SUV,2.8,0,0.0,14170.41
POL101863,50.0,Male,13.1,14871.0,Hatchback,1.0,0,0.0,14891.66
POL101864,53.0,Male,10.4,19743.0,Hatchback,4.2,0,0.0,14826.8
POL101865,61.0,Female,4.0,7627.0,SUV,4.1,1,5465.22,11679.77
POL101866,70.0,Male,1.0,10395.0,Sedan,4.1,1,996.57,9012.85
POL101867,30.0,Male,6.3,14687.0,Car,1.7,0,0.0,9971.65
POL101868,52.0,Male,3.2,20162.0,Sedan,1.2,0,0.0,9729.51
POL101869,38.0,Female,11.8,11734.0,Sedan,0.8,0,0.0,11404.72
POL101870,53.0,Male,9.5,18433.0,Hatchback,3.6,0,0.0,13344.25
POL101871,31.0,Male,3.3,8375.0,SUV,4.5,0,0.0,10444.78
POL101872,60.0,Female,9.4,20037.0,Hatchback,1.4,1,48466.54,14217.17
POL101873,63.0,Female,4.0,26074.0,Car,1.8,0,0.0,16173.19
POL101874,60.0,Male,9.8,14649.0,Hatchback,1.4,0,0.0,11664.76
POL101875,60.0,Male,4.7,16918.0,Sedan,2.8,0,0.0,11279.73
POL101876,68.0,Male,9.2,22291.0,Hatchback,3.7,1,25408.97,15620.78
POL101877,28.0,Female,3.4,21811.0,Car,1.9,0,0.0,10803.28
POL101878,53.0,Male,0.4,16978.0,Car,4.1,0,0.0,11959.74
POL101879,50.0,Male,1.4,28631.0,SUV,0.8,0,0.0,11949.83
POL101880,33.0,Female,4.5,18982.0,Car,4.1,0,0.0,11665.56
POL101881,56.0,Female,5.8,16406.0,Sedan,1.1,0,0.0,11746.15
POL101882,24.0,Male,0.1,18146.0,Car,2.5,0,0.0,10299.89
POL101883,40.0,Female,5.7,16954.0,SUV,3.9,0,0.0,11720.21
POL101884,24.0,Male,8.8,16399.0,Sedan,2.9,0,0.0,10508.56
POL101885,35.0,Male,9.1,14669.0,SUV,4.7,0,0.0,13232.6
POL101886,69.0,Male,4.1,24874.0,Sedan,1.1,1,8363.7,14286.23
POL101887,60.0,Male,0.4,15699.0,Sedan,4.2,1,7746.23,9844.8
POL101888,62.0,Male,14.9,16699.0,Sedan,1.8,0,0.0,15436.28
POL101889,70.0,Female,0.7,13979.0,Hatchback,3.4,1,6758.58,9172.54
POL101890,50.0,Male,6.1,16922.0,Hatchback,1.3,1,10640.21,11674.25
POL101891,70.0,Male,11.7,14257.0,Hatchback,1.4,0,0.0,15818.56
POL101892,65.0,Female,4.7,18070.0,Hatchback,1.2,1,38093.43,10399.37
POL101893,46.0,Male,6.1,14334.0,Sedan,4.5,0,0.0,11517.07
POL101894,64.0,Female,4.4,13597.0,Sedan,2.2,0,0.0,11429.42
POL101895,33.0,Female,6.2,11131.0,Car,1.0,0,0.0,9840.22
POL101896,38.0,Female,7.9,15574.0,Hatchback,4.0,0,0.0,12316.5
POL101897,70.0,Female,6.9,10936.0,SUV,3.1,1,5782.44,13591.98
POL101898,61.0,Female,2.6,19128.0,SUV,4.5,1,18438.99,10582.92
POL101899,52.0,Male,9.0,13963.0,SUV,1.3,2,23879.47,12079.11
POL101900,30.0,Male,10.4,12666.0,SUV,1.0,0,0.0,13517.61
POL101901,28.0,Male,0.9,17462.0,Hatchback,1.6,0,0.0,10229.12
POL101902,70.0,Male,1.9,19185.0,Sedan,4.6,1,7276.88,12241.09
POL101903,60.0,Male,6.2,15487.0,SUV,1.1,1,32933.8,13608.65
POL101904,36.0,Male,7.1,5048.0,SUV,1.1,0,0.0,11583.9
POL101905,27.0,Female,10.0,11394.0,Sedan,5.0,1,1125.09,8771.04
POL101906,34.0,Male,7.4,11111.0,Sedan,1.3,0,0.0,9650.46
POL101907,26.0,Female,4.3,12885.0,Car,4.0,0,0.0,9584.05
POL101908,30.0,Female,10.9,15137.0,Sedan,4.6,0,0.0,11825.51
POL101909,40.0,Female,6.5,17426.0,SUV,3.5,0,0.0,12379.44
POL101910,48.0,Female,9.1,14693.0,Hatchback,2.0,0,0.0,12100.35
POL101911,64.0,Female,3.3,17526.0,Car,1.7,0,0.0,11041.31
POL101912,66.0,Male,7.5,19617.0,SUV,3.8,0,0.0,14655.43
POL101913,34.0,Male,8.4,16405.0,Car,3.0,1,20210.42,10858.54
POL101914,48.0,Male,14.9,21964.0,SUV,2.4,0,0.0,17010.86
POL101915,57.0,Male,3.4,18475.0,SUV,1.7,0,0.0,12904.58
POL101916,22.0,Male,8.4,9057.0,Car,4.2,1,16338.18,10154.0
POL101917,43.0,Female,9.2,22808.0,SUV,4.0,0,0.0,14456.58
POL101918,23.0,Male,8.1,23836.0,SUV,2.5,0,0.0,14126.55
POL101919,31.0,Female,4.8,15629.0,Sedan,2.9,0,0.0,10974.06
POL101920,46.0,Male,5.5,24440.0,Car,0.9,0,0.0,11199.32
POL101921,24.0,Female,6.8,9675.0,Sedan,2.2,0,0.0,9710.19
POL101922,65.0,Male,7.8,18796.0,SUV,0.8,2,15650.43,13721.58
POL101923,61.0,Female,11.4,11567.0,Hatchback,4.4,0,0.0,13358.57
POL101924,50.0,Male,8.5,15348.0,Hatchback,4.3,0,0.0,12178.02
POL101925,36.0,Male,2.0,9727.0,Sedan,1.1,0,0.0,9276.34
POL101926,58.0,Female,0.0,17209.0,Sedan,1.7,0,0.0,10606.62
POL101927,53.0,Male,6.2,11374.0,Car,1.4,0,0.0,10323.86
POL101928,62.0,Male,6.0,22043.0,Hatchback,2.3,0,0.0,13064.88
POL101929,66.0,Female,8.4,11729.0,SUV,3.4,0,0.0,11853.77
POL101930,27.0,Male,6.0,18549.0,Car,3.7,0,0.0,10351.75
POL101931,22.0,Male,2.4,10615.0,Hatchback,1.7,2,25113.91,8227.36
POL101932,42.0,Male,3.7,10280.0,Hatchback,1.8,0,0.0,8871.53
POL101933,26.0,Female,4.6,16308.0,Hatchback,3.5,0,0.0,12319.31
POL101934,21.0,Male,2.0,23215.0,Car,3.0,0,0.0,8827.03
POL101935,39.0,Female,3.6,17304.0,Hatchback,4.9,0,0.0,10988.09
POL101936,41.0,Female,6.0,14270.0,Sedan,3.7,0,0.0,10175.53
POL101937,52.0,Male,4.1,12648.0,Car,1.5,0,0.0,9967.36
POL101938,63.0,Male,7.1,23775.0,Car,1.8,1,12665.57,15283.56
POL101939,68.0,Female,7.9,9541.0,Sedan,3.5,0,0.0,11714.88
POL101940,60.0,Male,7.8,16048.0,Car,3.6,0,0.0,10977.61
POL101941,68.0,Male,6.4,24558.0,Hatchback,3.2,3,36963.1,14780.71
POL101942,37.0,Female,4.0,9800.0,SUV,1.0,0,0.0,10855.15
POL101943,61.0,Female,2.1,17402.0,Car,2.8,0,0.0,10039.77
POL101944,56.0,Male,9.0,10887.0,Car,4.4,0,0.0,10889.59
POL101945,70.0,Female,6.9,18075.0,Sedan,4.6,0,0.0,13330.85
POL101946,56.0,Female,8.8,22550.0,SUV,3.4,1,41172.14,12778.09
POL101947,22.0,Male,3.5,28477.0,Car,2.2,0,0.0,11284.79
POL101948,45.0,Female,6.2,22073.0,Car,3.5,0,0.0,10828.81
POL101949,28.0,Female,0.6,17408.0,Hatchback,4.1,0,0.0,9122.26
POL101950,,Male,6.8,14397.0,Sedan,4.4,0,0.0,10791.72
POL101951,64.0,Male,2.5,11970.0,Hatchback,2.9,0,,10422.7
POL101952,67.0,Male,2.3,7673.0,Hatchback,1.1,0,0.0,10102.4
POL101953,36.0,Female,5.7,21603.0,Car,4.4,0,0.0,10796.51
POL101954,49.0,Female,4.4,5222.0,SUV,4.2,0,0.0,10103.93
POL101955,60.0,Male,5.1,19634.0,Sedan,4.0,0,0.0,12966.26
POL101956,29.0,Female,3.6,16713.0,SUV,4.2,0,0.0,11015.97
POL101957,23.0,Female,8.4,24531.0,Car,1.0,1,31561.49,11645.25
POL101958,54.0,Female,8.3,14515.0,Car,4.8,1,14931.75,13425.45
POL101959,33.0,Female,7.2,20119.0,SUV,3.3,2,9959.89,12749.23
POL101960,59.0,Male,7.4,21152.0,SUV,4.7,0,0.0,14276.96
POL101961,70.0,Male,4.6,18783.0,SUV,4.4,0,0.0,12682.58
POL101962,26.0,Female,13.0,14686.0,Sedan,1.5,0,0.0,12900.37
POL101963,52.0,Male,10.3,15865.0,,1.4,0,0.0,13178.23
POL101964,42.0,Male,5.6,7190.0,Hatchback,1.0,0,0.0,9377.12
POL101965,51.0,Male,7.3,18492.0,Car,4.2,0,0.0,13926.25
POL101966,68.0,Male,0.8,18034.0,SUV,1.0,0,0.0,13383.67
POL101967,60.0,Male,2.3,11053.0,Sedan,4.7,0,0.0,9624.29
POL101968,50.0,Male,8.7,17116.0,Car,2.2,0,0.0,13198.45
POL101969,70.0,Female,11.9,19635.0,Hatchback,1.4,0,0.0,14378.68
POL101970,60.0,Male,11.0,16251.0,Hatchback,4.7,2,14480.18,13744.72
POL101971,63.0,Male,4.8,6700.0,Car,3.5,0,0.0,9965.43
POL101972,28.0,Female,6.5,23688.0,Hatchback,3.4,0,0.0,13908.14
POL101973,66.0,Male,2.9,13895.0,Sedan,3.7,1,82124.88,10269.22
POL101974,,Female,4.7,17146.0,Sedan,2.6,1,39568.38,11437.84
POL101975,52.0,Male,10.8,7849.0,Sedan,2.3,2,28012.39,12510.46
POL101976,69.0,Female,5.7,8020.0,Sedan,2.4,0,0.0,11602.0
POL101977,69.0,Male,3.4,13243.0,Hatchback,2.8,0,0.0,10433.39
POL101978,25.0,Female,5.2,14187.0,Car,3.3,0,0.0,11006.95
POL101979,50.0,Male,1.6,14485.0,Hatchback,2.3,0,0.0,10552.45
POL101980,65.0,Female,10.5,13844.0,Hatchback,1.7,0,0.0,13444.27
POL101981,49.0,Male,9.5,18660.0,Sedan,4.4,3,18568.92,13333.87
POL101982,24.0,Male,10.2,17733.0,Hatchback,2.3,0,0.0,12877.19
POL101983,49.0,Male,0.0,22405.0,Car,4.1,1,17169.86,10378.92
POL101984,50.0,Female,5.4,18538.0,Hatchback,4.5,0,0.0,12855.17
POL101985,56.0,Female,5.5,13372.0,Hatchback,3.0,0,0.0,11292.56
POL101986,21.0,Male,13.6,17469.0,Hatchback,3.2,0,0.0,14083.02
POL101987,32.0,Male,1.5,20061.0,Sedan,2.6,0,0.0,10805.57
POL101988,66.0,Female,7.1,26194.0,Hatchback,3.6,0,0.0,14896.8
POL101989,44.0,Male,5.1,12858.0,Hatchback,0.7,1,2939.28,10143.43
POL101990,47.0,Female,8.1,19646.0,Sedan,1.3,0,0.0,12743.23
POL101991,29.0,Female,4.2,12916.0,Sedan,1.9,0,0.0,8473.49
POL101992,47.0,Male,2.8,17990.0,Car,4.8,0,0.0,10073.99
POL101993,35.0,Male,7.2,10512.0,SUV,2.4,1,10246.39,11581.06
POL101994,40.0,Male,7.7,20292.0,Sedan,3.4,0,0.0,12574.1
POL101995,45.0,Male,4.6,13347.0,SUV,4.8,0,0.0,11423.46
POL101996,55.0,Male,8.7,14222.0,Hatchback,4.5,0,0.0,13293.31
POL101997,21.0,Male,8.9,24703.0,Hatchback,3.2,0,0.0,13195.71
POL101998,54.0,Male,8.6,20263.0,Car,1.1,0,0.0,11491.34
POL101999,,Male,6.4,,SUV,3.6,0,0.0,12960.38
POL102000,51.0,Female,9.5,12010.0,Sedan,3.8,2,5049.18,12157.6
POL100026,62.0,Female,4.7,14897.0,SUV,4.6,0,0.0,13534.9
POL100121,37.0,Male,7.3,22162.0,Car,4.3,0,0.0,12430.53
POL100501,48.0,Male,6.8,14397.0,Sedan,2.5,0,0.0,10857.33
